<?xml version="1.0" encoding="UTF-8" ?>
		<!-- This is a WordPress eXtended RSS file generated by WordPress as an export of your site. -->
		<!-- It contains information about your site's posts, pages, comments, categories, and other content. -->
		<!-- You may use this file to transfer that content from one site to another. -->
		<!-- This file is not intended to serve as a complete backup of your site. -->

		<!-- To import this information into a WordPress site follow these steps: -->
		<!-- 1. Log in to that site as an administrator. -->
		<!-- 2. Go to Tools: Import in the WordPress admin panel. -->
		<!-- 3. Install the "WordPress" importer from the list. -->
		<!-- 4. Activate & Run Importer. -->
		<!-- 5. Upload this file using the form provided on that page. -->
		<!-- 6. You will first be asked to map the authors in this export file to users -->
		<!--    on the site. For each author, you may choose to map to an -->
		<!--    existing user on the site or to create a new user. -->
		<!-- 7. WordPress will then import each of the posts, pages, comments, categories, etc. -->
		<!--    contained in this file into your site. -->

		<!-- generator="WordPress/5.7" created="2021-03-11 09:38" -->
		<rss version="2.0"
		     xmlns:excerpt="http://wordpress.org/export/1.2/excerpt/"
		     xmlns:content="http://purl.org/rss/1.0/modules/content/"
		     xmlns:wfw="http://wellformedweb.org/CommentAPI/"
		     xmlns:dc="http://purl.org/dc/elements/1.1/"
		     xmlns:wp="http://wordpress.org/export/1.2/"
		>

			<channel>
				<title>The Basic</title>
				<link>http://localhost/thebasic</link>
				<description>Wireframe Divi UI Kit</description>
				<pubDate>Thu, 11 Mar 2021 09:38:00 +0000</pubDate>
				<language></language>
				<wp:wxr_version>1.2</wp:wxr_version>
				<wp:base_site_url>http://localhost/thebasic</wp:base_site_url>
				<wp:base_blog_url>http://localhost/thebasic</wp:base_blog_url>

					<wp:term><wp:term_id>3</wp:term_id><wp:term_taxonomy>nav_menu</wp:term_taxonomy><wp:term_slug>tbvs-demo-menu</wp:term_slug><wp:term_name><![CDATA[TBVS Demo Menu]]></wp:term_name></wp:term>
				
				<generator>https://wordpress.org/?v=5.7</generator>

											<item>
								<title>Home</title>
								<link>http://localhost/thebasic/?p=58</link>
								<pubDate></pubDate>
								<dc:creator><![CDATA[valaska studio]]></dc:creator>
								<guid isPermaLink="false">http://localhost/thebasic/?p=58</guid>
								<description></description>
								<content:encoded><![CDATA[]]></content:encoded>
								<excerpt:encoded><![CDATA[]]></excerpt:encoded>
								<wp:post_id>58</wp:post_id>
								<wp:post_date><![CDATA[2021-02-21 12:49:41]]></wp:post_date>
								<wp:post_date_gmt><![CDATA[0000-00-00 00:00:00]]></wp:post_date_gmt>
								<wp:comment_status><![CDATA[closed]]></wp:comment_status>
								<wp:ping_status><![CDATA[closed]]></wp:ping_status>
								<wp:post_name><![CDATA[]]></wp:post_name>
								<wp:status><![CDATA[draft]]></wp:status>
								<wp:post_parent>0</wp:post_parent>
								<wp:menu_order>1</wp:menu_order>
								<wp:post_type><![CDATA[nav_menu_item]]></wp:post_type>
								<wp:post_password><![CDATA[]]></wp:post_password>
								<wp:is_sticky>0</wp:is_sticky>
																																	<wp:postmeta>
										<wp:meta_key><![CDATA[_menu_item_type]]></wp:meta_key>
										<wp:meta_value><![CDATA[custom]]></wp:meta_value>
									</wp:postmeta>
																	<wp:postmeta>
										<wp:meta_key><![CDATA[_menu_item_menu_item_parent]]></wp:meta_key>
										<wp:meta_value><![CDATA[0]]></wp:meta_value>
									</wp:postmeta>
																	<wp:postmeta>
										<wp:meta_key><![CDATA[_menu_item_object_id]]></wp:meta_key>
										<wp:meta_value><![CDATA[58]]></wp:meta_value>
									</wp:postmeta>
																	<wp:postmeta>
										<wp:meta_key><![CDATA[_menu_item_object]]></wp:meta_key>
										<wp:meta_value><![CDATA[custom]]></wp:meta_value>
									</wp:postmeta>
																	<wp:postmeta>
										<wp:meta_key><![CDATA[_menu_item_target]]></wp:meta_key>
										<wp:meta_value><![CDATA[]]></wp:meta_value>
									</wp:postmeta>
																	<wp:postmeta>
										<wp:meta_key><![CDATA[_menu_item_classes]]></wp:meta_key>
										<wp:meta_value><![CDATA[a:1:{i:0;s:0:"";}]]></wp:meta_value>
									</wp:postmeta>
																	<wp:postmeta>
										<wp:meta_key><![CDATA[_menu_item_xfn]]></wp:meta_key>
										<wp:meta_value><![CDATA[]]></wp:meta_value>
									</wp:postmeta>
																	<wp:postmeta>
										<wp:meta_key><![CDATA[_menu_item_url]]></wp:meta_key>
										<wp:meta_value><![CDATA[http://localhost/thebasic/]]></wp:meta_value>
									</wp:postmeta>
																	<wp:postmeta>
										<wp:meta_key><![CDATA[_menu_item_orphaned]]></wp:meta_key>
										<wp:meta_value><![CDATA[1613911781]]></wp:meta_value>
									</wp:postmeta>
															</item>
														<item>
								<title>About</title>
								<link>http://localhost/thebasic/about/</link>
								<pubDate>Sun, 21 Feb 2021 12:53:39 +0000</pubDate>
								<dc:creator><![CDATA[valaska studio]]></dc:creator>
								<guid isPermaLink="false">http://localhost/thebasic/?p=84</guid>
								<description></description>
								<content:encoded><![CDATA[]]></content:encoded>
								<excerpt:encoded><![CDATA[]]></excerpt:encoded>
								<wp:post_id>84</wp:post_id>
								<wp:post_date><![CDATA[2021-02-21 12:53:39]]></wp:post_date>
								<wp:post_date_gmt><![CDATA[2021-02-21 12:53:39]]></wp:post_date_gmt>
								<wp:comment_status><![CDATA[closed]]></wp:comment_status>
								<wp:ping_status><![CDATA[closed]]></wp:ping_status>
								<wp:post_name><![CDATA[about]]></wp:post_name>
								<wp:status><![CDATA[publish]]></wp:status>
								<wp:post_parent>0</wp:post_parent>
								<wp:menu_order>1</wp:menu_order>
								<wp:post_type><![CDATA[nav_menu_item]]></wp:post_type>
								<wp:post_password><![CDATA[]]></wp:post_password>
								<wp:is_sticky>0</wp:is_sticky>
																		<category domain="nav_menu" nicename="tbvs-demo-menu"><![CDATA[TBVS Demo Menu]]></category>
																	<wp:postmeta>
										<wp:meta_key><![CDATA[_menu_item_type]]></wp:meta_key>
										<wp:meta_value><![CDATA[custom]]></wp:meta_value>
									</wp:postmeta>
																	<wp:postmeta>
										<wp:meta_key><![CDATA[_menu_item_menu_item_parent]]></wp:meta_key>
										<wp:meta_value><![CDATA[0]]></wp:meta_value>
									</wp:postmeta>
																	<wp:postmeta>
										<wp:meta_key><![CDATA[_menu_item_object_id]]></wp:meta_key>
										<wp:meta_value><![CDATA[84]]></wp:meta_value>
									</wp:postmeta>
																	<wp:postmeta>
										<wp:meta_key><![CDATA[_menu_item_object]]></wp:meta_key>
										<wp:meta_value><![CDATA[custom]]></wp:meta_value>
									</wp:postmeta>
																	<wp:postmeta>
										<wp:meta_key><![CDATA[_menu_item_target]]></wp:meta_key>
										<wp:meta_value><![CDATA[]]></wp:meta_value>
									</wp:postmeta>
																	<wp:postmeta>
										<wp:meta_key><![CDATA[_menu_item_classes]]></wp:meta_key>
										<wp:meta_value><![CDATA[a:1:{i:0;s:0:"";}]]></wp:meta_value>
									</wp:postmeta>
																	<wp:postmeta>
										<wp:meta_key><![CDATA[_menu_item_xfn]]></wp:meta_key>
										<wp:meta_value><![CDATA[]]></wp:meta_value>
									</wp:postmeta>
																	<wp:postmeta>
										<wp:meta_key><![CDATA[_menu_item_url]]></wp:meta_key>
										<wp:meta_value><![CDATA[#]]></wp:meta_value>
									</wp:postmeta>
															</item>
														<item>
								<title>Features</title>
								<link>http://localhost/thebasic/features/</link>
								<pubDate>Sun, 21 Feb 2021 12:53:39 +0000</pubDate>
								<dc:creator><![CDATA[valaska studio]]></dc:creator>
								<guid isPermaLink="false">http://localhost/thebasic/?p=85</guid>
								<description></description>
								<content:encoded><![CDATA[]]></content:encoded>
								<excerpt:encoded><![CDATA[]]></excerpt:encoded>
								<wp:post_id>85</wp:post_id>
								<wp:post_date><![CDATA[2021-02-21 12:53:39]]></wp:post_date>
								<wp:post_date_gmt><![CDATA[2021-02-21 12:53:39]]></wp:post_date_gmt>
								<wp:comment_status><![CDATA[closed]]></wp:comment_status>
								<wp:ping_status><![CDATA[closed]]></wp:ping_status>
								<wp:post_name><![CDATA[features]]></wp:post_name>
								<wp:status><![CDATA[publish]]></wp:status>
								<wp:post_parent>0</wp:post_parent>
								<wp:menu_order>2</wp:menu_order>
								<wp:post_type><![CDATA[nav_menu_item]]></wp:post_type>
								<wp:post_password><![CDATA[]]></wp:post_password>
								<wp:is_sticky>0</wp:is_sticky>
																		<category domain="nav_menu" nicename="tbvs-demo-menu"><![CDATA[TBVS Demo Menu]]></category>
																	<wp:postmeta>
										<wp:meta_key><![CDATA[_menu_item_type]]></wp:meta_key>
										<wp:meta_value><![CDATA[custom]]></wp:meta_value>
									</wp:postmeta>
																	<wp:postmeta>
										<wp:meta_key><![CDATA[_menu_item_menu_item_parent]]></wp:meta_key>
										<wp:meta_value><![CDATA[0]]></wp:meta_value>
									</wp:postmeta>
																	<wp:postmeta>
										<wp:meta_key><![CDATA[_menu_item_object_id]]></wp:meta_key>
										<wp:meta_value><![CDATA[85]]></wp:meta_value>
									</wp:postmeta>
																	<wp:postmeta>
										<wp:meta_key><![CDATA[_menu_item_object]]></wp:meta_key>
										<wp:meta_value><![CDATA[custom]]></wp:meta_value>
									</wp:postmeta>
																	<wp:postmeta>
										<wp:meta_key><![CDATA[_menu_item_target]]></wp:meta_key>
										<wp:meta_value><![CDATA[]]></wp:meta_value>
									</wp:postmeta>
																	<wp:postmeta>
										<wp:meta_key><![CDATA[_menu_item_classes]]></wp:meta_key>
										<wp:meta_value><![CDATA[a:1:{i:0;s:0:"";}]]></wp:meta_value>
									</wp:postmeta>
																	<wp:postmeta>
										<wp:meta_key><![CDATA[_menu_item_xfn]]></wp:meta_key>
										<wp:meta_value><![CDATA[]]></wp:meta_value>
									</wp:postmeta>
																	<wp:postmeta>
										<wp:meta_key><![CDATA[_menu_item_url]]></wp:meta_key>
										<wp:meta_value><![CDATA[#]]></wp:meta_value>
									</wp:postmeta>
															</item>
														<item>
								<title>Services</title>
								<link>http://localhost/thebasic/services/</link>
								<pubDate>Sun, 21 Feb 2021 12:53:39 +0000</pubDate>
								<dc:creator><![CDATA[valaska studio]]></dc:creator>
								<guid isPermaLink="false">http://localhost/thebasic/?p=86</guid>
								<description></description>
								<content:encoded><![CDATA[]]></content:encoded>
								<excerpt:encoded><![CDATA[]]></excerpt:encoded>
								<wp:post_id>86</wp:post_id>
								<wp:post_date><![CDATA[2021-02-21 12:53:39]]></wp:post_date>
								<wp:post_date_gmt><![CDATA[2021-02-21 12:53:39]]></wp:post_date_gmt>
								<wp:comment_status><![CDATA[closed]]></wp:comment_status>
								<wp:ping_status><![CDATA[closed]]></wp:ping_status>
								<wp:post_name><![CDATA[services]]></wp:post_name>
								<wp:status><![CDATA[publish]]></wp:status>
								<wp:post_parent>0</wp:post_parent>
								<wp:menu_order>3</wp:menu_order>
								<wp:post_type><![CDATA[nav_menu_item]]></wp:post_type>
								<wp:post_password><![CDATA[]]></wp:post_password>
								<wp:is_sticky>0</wp:is_sticky>
																		<category domain="nav_menu" nicename="tbvs-demo-menu"><![CDATA[TBVS Demo Menu]]></category>
																	<wp:postmeta>
										<wp:meta_key><![CDATA[_menu_item_type]]></wp:meta_key>
										<wp:meta_value><![CDATA[custom]]></wp:meta_value>
									</wp:postmeta>
																	<wp:postmeta>
										<wp:meta_key><![CDATA[_menu_item_menu_item_parent]]></wp:meta_key>
										<wp:meta_value><![CDATA[0]]></wp:meta_value>
									</wp:postmeta>
																	<wp:postmeta>
										<wp:meta_key><![CDATA[_menu_item_object_id]]></wp:meta_key>
										<wp:meta_value><![CDATA[86]]></wp:meta_value>
									</wp:postmeta>
																	<wp:postmeta>
										<wp:meta_key><![CDATA[_menu_item_object]]></wp:meta_key>
										<wp:meta_value><![CDATA[custom]]></wp:meta_value>
									</wp:postmeta>
																	<wp:postmeta>
										<wp:meta_key><![CDATA[_menu_item_target]]></wp:meta_key>
										<wp:meta_value><![CDATA[]]></wp:meta_value>
									</wp:postmeta>
																	<wp:postmeta>
										<wp:meta_key><![CDATA[_menu_item_classes]]></wp:meta_key>
										<wp:meta_value><![CDATA[a:1:{i:0;s:0:"";}]]></wp:meta_value>
									</wp:postmeta>
																	<wp:postmeta>
										<wp:meta_key><![CDATA[_menu_item_xfn]]></wp:meta_key>
										<wp:meta_value><![CDATA[]]></wp:meta_value>
									</wp:postmeta>
																	<wp:postmeta>
										<wp:meta_key><![CDATA[_menu_item_url]]></wp:meta_key>
										<wp:meta_value><![CDATA[#]]></wp:meta_value>
									</wp:postmeta>
															</item>
														<item>
								<title>Pricing</title>
								<link>http://localhost/thebasic/pricing/</link>
								<pubDate>Sun, 21 Feb 2021 12:53:39 +0000</pubDate>
								<dc:creator><![CDATA[valaska studio]]></dc:creator>
								<guid isPermaLink="false">http://localhost/thebasic/?p=87</guid>
								<description></description>
								<content:encoded><![CDATA[]]></content:encoded>
								<excerpt:encoded><![CDATA[]]></excerpt:encoded>
								<wp:post_id>87</wp:post_id>
								<wp:post_date><![CDATA[2021-02-21 12:53:39]]></wp:post_date>
								<wp:post_date_gmt><![CDATA[2021-02-21 12:53:39]]></wp:post_date_gmt>
								<wp:comment_status><![CDATA[closed]]></wp:comment_status>
								<wp:ping_status><![CDATA[closed]]></wp:ping_status>
								<wp:post_name><![CDATA[pricing]]></wp:post_name>
								<wp:status><![CDATA[publish]]></wp:status>
								<wp:post_parent>0</wp:post_parent>
								<wp:menu_order>4</wp:menu_order>
								<wp:post_type><![CDATA[nav_menu_item]]></wp:post_type>
								<wp:post_password><![CDATA[]]></wp:post_password>
								<wp:is_sticky>0</wp:is_sticky>
																		<category domain="nav_menu" nicename="tbvs-demo-menu"><![CDATA[TBVS Demo Menu]]></category>
																	<wp:postmeta>
										<wp:meta_key><![CDATA[_menu_item_type]]></wp:meta_key>
										<wp:meta_value><![CDATA[custom]]></wp:meta_value>
									</wp:postmeta>
																	<wp:postmeta>
										<wp:meta_key><![CDATA[_menu_item_menu_item_parent]]></wp:meta_key>
										<wp:meta_value><![CDATA[0]]></wp:meta_value>
									</wp:postmeta>
																	<wp:postmeta>
										<wp:meta_key><![CDATA[_menu_item_object_id]]></wp:meta_key>
										<wp:meta_value><![CDATA[87]]></wp:meta_value>
									</wp:postmeta>
																	<wp:postmeta>
										<wp:meta_key><![CDATA[_menu_item_object]]></wp:meta_key>
										<wp:meta_value><![CDATA[custom]]></wp:meta_value>
									</wp:postmeta>
																	<wp:postmeta>
										<wp:meta_key><![CDATA[_menu_item_target]]></wp:meta_key>
										<wp:meta_value><![CDATA[]]></wp:meta_value>
									</wp:postmeta>
																	<wp:postmeta>
										<wp:meta_key><![CDATA[_menu_item_classes]]></wp:meta_key>
										<wp:meta_value><![CDATA[a:1:{i:0;s:0:"";}]]></wp:meta_value>
									</wp:postmeta>
																	<wp:postmeta>
										<wp:meta_key><![CDATA[_menu_item_xfn]]></wp:meta_key>
										<wp:meta_value><![CDATA[]]></wp:meta_value>
									</wp:postmeta>
																	<wp:postmeta>
										<wp:meta_key><![CDATA[_menu_item_url]]></wp:meta_key>
										<wp:meta_value><![CDATA[#]]></wp:meta_value>
									</wp:postmeta>
															</item>
														<item>
								<title>Gallery</title>
								<link>http://localhost/thebasic/gallery/</link>
								<pubDate>Sun, 21 Feb 2021 12:53:39 +0000</pubDate>
								<dc:creator><![CDATA[valaska studio]]></dc:creator>
								<guid isPermaLink="false">http://localhost/thebasic/?p=88</guid>
								<description></description>
								<content:encoded><![CDATA[]]></content:encoded>
								<excerpt:encoded><![CDATA[]]></excerpt:encoded>
								<wp:post_id>88</wp:post_id>
								<wp:post_date><![CDATA[2021-02-21 12:53:39]]></wp:post_date>
								<wp:post_date_gmt><![CDATA[2021-02-21 12:53:39]]></wp:post_date_gmt>
								<wp:comment_status><![CDATA[closed]]></wp:comment_status>
								<wp:ping_status><![CDATA[closed]]></wp:ping_status>
								<wp:post_name><![CDATA[gallery]]></wp:post_name>
								<wp:status><![CDATA[publish]]></wp:status>
								<wp:post_parent>0</wp:post_parent>
								<wp:menu_order>5</wp:menu_order>
								<wp:post_type><![CDATA[nav_menu_item]]></wp:post_type>
								<wp:post_password><![CDATA[]]></wp:post_password>
								<wp:is_sticky>0</wp:is_sticky>
																		<category domain="nav_menu" nicename="tbvs-demo-menu"><![CDATA[TBVS Demo Menu]]></category>
																	<wp:postmeta>
										<wp:meta_key><![CDATA[_menu_item_type]]></wp:meta_key>
										<wp:meta_value><![CDATA[custom]]></wp:meta_value>
									</wp:postmeta>
																	<wp:postmeta>
										<wp:meta_key><![CDATA[_menu_item_menu_item_parent]]></wp:meta_key>
										<wp:meta_value><![CDATA[0]]></wp:meta_value>
									</wp:postmeta>
																	<wp:postmeta>
										<wp:meta_key><![CDATA[_menu_item_object_id]]></wp:meta_key>
										<wp:meta_value><![CDATA[88]]></wp:meta_value>
									</wp:postmeta>
																	<wp:postmeta>
										<wp:meta_key><![CDATA[_menu_item_object]]></wp:meta_key>
										<wp:meta_value><![CDATA[custom]]></wp:meta_value>
									</wp:postmeta>
																	<wp:postmeta>
										<wp:meta_key><![CDATA[_menu_item_target]]></wp:meta_key>
										<wp:meta_value><![CDATA[]]></wp:meta_value>
									</wp:postmeta>
																	<wp:postmeta>
										<wp:meta_key><![CDATA[_menu_item_classes]]></wp:meta_key>
										<wp:meta_value><![CDATA[a:1:{i:0;s:0:"";}]]></wp:meta_value>
									</wp:postmeta>
																	<wp:postmeta>
										<wp:meta_key><![CDATA[_menu_item_xfn]]></wp:meta_key>
										<wp:meta_value><![CDATA[]]></wp:meta_value>
									</wp:postmeta>
																	<wp:postmeta>
										<wp:meta_key><![CDATA[_menu_item_url]]></wp:meta_key>
										<wp:meta_value><![CDATA[#]]></wp:meta_value>
									</wp:postmeta>
															</item>
														<item>
								<title>Contact</title>
								<link>http://localhost/thebasic/contact/</link>
								<pubDate>Sun, 21 Feb 2021 12:53:39 +0000</pubDate>
								<dc:creator><![CDATA[valaska studio]]></dc:creator>
								<guid isPermaLink="false">http://localhost/thebasic/?p=89</guid>
								<description></description>
								<content:encoded><![CDATA[]]></content:encoded>
								<excerpt:encoded><![CDATA[]]></excerpt:encoded>
								<wp:post_id>89</wp:post_id>
								<wp:post_date><![CDATA[2021-02-21 12:53:39]]></wp:post_date>
								<wp:post_date_gmt><![CDATA[2021-02-21 12:53:39]]></wp:post_date_gmt>
								<wp:comment_status><![CDATA[closed]]></wp:comment_status>
								<wp:ping_status><![CDATA[closed]]></wp:ping_status>
								<wp:post_name><![CDATA[contact]]></wp:post_name>
								<wp:status><![CDATA[publish]]></wp:status>
								<wp:post_parent>0</wp:post_parent>
								<wp:menu_order>6</wp:menu_order>
								<wp:post_type><![CDATA[nav_menu_item]]></wp:post_type>
								<wp:post_password><![CDATA[]]></wp:post_password>
								<wp:is_sticky>0</wp:is_sticky>
																		<category domain="nav_menu" nicename="tbvs-demo-menu"><![CDATA[TBVS Demo Menu]]></category>
																	<wp:postmeta>
										<wp:meta_key><![CDATA[_menu_item_type]]></wp:meta_key>
										<wp:meta_value><![CDATA[custom]]></wp:meta_value>
									</wp:postmeta>
																	<wp:postmeta>
										<wp:meta_key><![CDATA[_menu_item_menu_item_parent]]></wp:meta_key>
										<wp:meta_value><![CDATA[0]]></wp:meta_value>
									</wp:postmeta>
																	<wp:postmeta>
										<wp:meta_key><![CDATA[_menu_item_object_id]]></wp:meta_key>
										<wp:meta_value><![CDATA[89]]></wp:meta_value>
									</wp:postmeta>
																	<wp:postmeta>
										<wp:meta_key><![CDATA[_menu_item_object]]></wp:meta_key>
										<wp:meta_value><![CDATA[custom]]></wp:meta_value>
									</wp:postmeta>
																	<wp:postmeta>
										<wp:meta_key><![CDATA[_menu_item_target]]></wp:meta_key>
										<wp:meta_value><![CDATA[]]></wp:meta_value>
									</wp:postmeta>
																	<wp:postmeta>
										<wp:meta_key><![CDATA[_menu_item_classes]]></wp:meta_key>
										<wp:meta_value><![CDATA[a:1:{i:0;s:0:"";}]]></wp:meta_value>
									</wp:postmeta>
																	<wp:postmeta>
										<wp:meta_key><![CDATA[_menu_item_xfn]]></wp:meta_key>
										<wp:meta_value><![CDATA[]]></wp:meta_value>
									</wp:postmeta>
																	<wp:postmeta>
										<wp:meta_key><![CDATA[_menu_item_url]]></wp:meta_key>
										<wp:meta_value><![CDATA[#]]></wp:meta_value>
									</wp:postmeta>
															</item>
										</channel>
		</rss>
		