<?xml version="1.0" encoding="UTF-8" ?>
<!-- This is a WordPress eXtended RSS file generated by WordPress as an export of your site. -->
<!-- It contains information about your site's posts, pages, comments, categories, and other content. -->
<!-- You may use this file to transfer that content from one site to another. -->
<!-- This file is not intended to serve as a complete backup of your site. -->

<!-- To import this information into a WordPress site follow these steps: -->
<!-- 1. Log in to that site as an administrator. -->
<!-- 2. Go to Tools: Import in the WordPress admin panel. -->
<!-- 3. Install the "WordPress" importer from the list. -->
<!-- 4. Activate & Run Importer. -->
<!-- 5. Upload this file using the form provided on that page. -->
<!-- 6. You will first be asked to map the authors in this export file to users -->
<!--    on the site. For each author, you may choose to map to an -->
<!--    existing user on the site or to create a new user. -->
<!-- 7. WordPress will then import each of the posts, pages, comments, categories, etc. -->
<!--    contained in this file into your site. -->

	<!-- generator="WordPress/5.7" created="2021-03-11 14:53" -->
<rss version="2.0"
	xmlns:excerpt="http://wordpress.org/export/1.2/excerpt/"
	xmlns:content="http://purl.org/rss/1.0/modules/content/"
	xmlns:wfw="http://wellformedweb.org/CommentAPI/"
	xmlns:dc="http://purl.org/dc/elements/1.1/"
	xmlns:wp="http://wordpress.org/export/1.2/"
>

<channel>
	<title>The Basic</title>
	<link>https://thebasic.valaskastudio.com</link>
	<description>Wireframe Divi UI Kit</description>
	<pubDate>Thu, 11 Mar 2021 14:53:33 +0000</pubDate>
	<language>en-US</language>
	<wp:wxr_version>1.2</wp:wxr_version>
	<wp:base_site_url>https://thebasic.valaskastudio.com</wp:base_site_url>
	<wp:base_blog_url>https://thebasic.valaskastudio.com</wp:base_blog_url>

		<wp:author><wp:author_id>1</wp:author_id><wp:author_login><![CDATA[valaska studio]]></wp:author_login><wp:author_email><![CDATA[info@valaskastudio.com]]></wp:author_email><wp:author_display_name><![CDATA[valaska studio]]></wp:author_display_name><wp:author_first_name><![CDATA[]]></wp:author_first_name><wp:author_last_name><![CDATA[]]></wp:author_last_name></wp:author>

				
	<generator>https://wordpress.org/?v=5.7</generator>

<image>
	<url>https://thebasic.valaskastudio.com/wp-content/uploads/2021/02/cropped-the-basic-logo-dark-32x32.png</url>
	<title>The Basic</title>
	<link>https://thebasic.valaskastudio.com</link>
	<width>32</width>
	<height>32</height>
</image> 

		<item>
		<title><![CDATA[tbvs-image-2560x1440]]></title>
		<link>https://thebasic.valaskastudio.com/tbvs-image-2560x1440/</link>
		<pubDate>Sun, 21 Feb 2021 12:54:36 +0000</pubDate>
		<dc:creator><![CDATA[valaska studio]]></dc:creator>
		<guid isPermaLink="false">https://thebasic.valaskastudio.com/wp-content/uploads/2021/02/tbvs-image-2560x1440-1.png</guid>
		<description></description>
		<content:encoded><![CDATA[]]></content:encoded>
		<excerpt:encoded><![CDATA[]]></excerpt:encoded>
		<wp:post_id>92</wp:post_id>
		<wp:post_date><![CDATA[2021-02-21 12:54:36]]></wp:post_date>
		<wp:post_date_gmt><![CDATA[2021-02-21 12:54:36]]></wp:post_date_gmt>
		<wp:post_modified><![CDATA[2021-02-21 12:54:36]]></wp:post_modified>
		<wp:post_modified_gmt><![CDATA[2021-02-21 12:54:36]]></wp:post_modified_gmt>
		<wp:comment_status><![CDATA[open]]></wp:comment_status>
		<wp:ping_status><![CDATA[closed]]></wp:ping_status>
		<wp:post_name><![CDATA[tbvs-image-2560x1440]]></wp:post_name>
		<wp:status><![CDATA[inherit]]></wp:status>
		<wp:post_parent>0</wp:post_parent>
		<wp:menu_order>0</wp:menu_order>
		<wp:post_type><![CDATA[attachment]]></wp:post_type>
		<wp:post_password><![CDATA[]]></wp:post_password>
		<wp:is_sticky>0</wp:is_sticky>
						<wp:attachment_url><![CDATA[https://thebasic.valaskastudio.com/wp-content/uploads/2021/02/tbvs-image-2560x1440-1.png]]></wp:attachment_url>
											<wp:postmeta>
		<wp:meta_key><![CDATA[_wp_attached_file]]></wp:meta_key>
		<wp:meta_value><![CDATA[2021/02/tbvs-image-2560x1440-1.png]]></wp:meta_value>
		</wp:postmeta>
							<wp:postmeta>
		<wp:meta_key><![CDATA[_wp_attachment_metadata]]></wp:meta_key>
		<wp:meta_value><![CDATA[a:5:{s:5:"width";i:2560;s:6:"height";i:1440;s:4:"file";s:34:"2021/02/tbvs-image-2560x1440-1.png";s:5:"sizes";a:15:{s:6:"medium";a:4:{s:4:"file";s:34:"tbvs-image-2560x1440-1-300x169.png";s:5:"width";i:300;s:6:"height";i:169;s:9:"mime-type";s:9:"image/png";}s:5:"large";a:4:{s:4:"file";s:35:"tbvs-image-2560x1440-1-1024x576.png";s:5:"width";i:1024;s:6:"height";i:576;s:9:"mime-type";s:9:"image/png";}s:9:"thumbnail";a:4:{s:4:"file";s:34:"tbvs-image-2560x1440-1-150x150.png";s:5:"width";i:150;s:6:"height";i:150;s:9:"mime-type";s:9:"image/png";}s:12:"medium_large";a:4:{s:4:"file";s:34:"tbvs-image-2560x1440-1-768x432.png";s:5:"width";i:768;s:6:"height";i:432;s:9:"mime-type";s:9:"image/png";}s:9:"1536x1536";a:4:{s:4:"file";s:35:"tbvs-image-2560x1440-1-1536x864.png";s:5:"width";i:1536;s:6:"height";i:864;s:9:"mime-type";s:9:"image/png";}s:9:"2048x2048";a:4:{s:4:"file";s:36:"tbvs-image-2560x1440-1-2048x1152.png";s:5:"width";i:2048;s:6:"height";i:1152;s:9:"mime-type";s:9:"image/png";}s:21:"et-pb-post-main-image";a:4:{s:4:"file";s:34:"tbvs-image-2560x1440-1-400x250.png";s:5:"width";i:400;s:6:"height";i:250;s:9:"mime-type";s:9:"image/png";}s:31:"et-pb-post-main-image-fullwidth";a:4:{s:4:"file";s:35:"tbvs-image-2560x1440-1-1080x675.png";s:5:"width";i:1080;s:6:"height";i:675;s:9:"mime-type";s:9:"image/png";}s:21:"et-pb-portfolio-image";a:4:{s:4:"file";s:34:"tbvs-image-2560x1440-1-400x284.png";s:5:"width";i:400;s:6:"height";i:284;s:9:"mime-type";s:9:"image/png";}s:28:"et-pb-portfolio-module-image";a:4:{s:4:"file";s:34:"tbvs-image-2560x1440-1-510x382.png";s:5:"width";i:510;s:6:"height";i:382;s:9:"mime-type";s:9:"image/png";}s:28:"et-pb-portfolio-image-single";a:4:{s:4:"file";s:35:"tbvs-image-2560x1440-1-1080x608.png";s:5:"width";i:1080;s:6:"height";i:608;s:9:"mime-type";s:9:"image/png";}s:35:"et-pb-gallery-module-image-portrait";a:4:{s:4:"file";s:34:"tbvs-image-2560x1440-1-400x516.png";s:5:"width";i:400;s:6:"height";i:516;s:9:"mime-type";s:9:"image/png";}s:32:"et-pb-image--responsive--desktop";a:4:{s:4:"file";s:35:"tbvs-image-2560x1440-1-1280x720.png";s:5:"width";i:1280;s:6:"height";i:720;s:9:"mime-type";s:9:"image/png";}s:31:"et-pb-image--responsive--tablet";a:4:{s:4:"file";s:34:"tbvs-image-2560x1440-1-980x551.png";s:5:"width";i:980;s:6:"height";i:551;s:9:"mime-type";s:9:"image/png";}s:30:"et-pb-image--responsive--phone";a:4:{s:4:"file";s:34:"tbvs-image-2560x1440-1-480x270.png";s:5:"width";i:480;s:6:"height";i:270;s:9:"mime-type";s:9:"image/png";}}s:10:"image_meta";a:12:{s:8:"aperture";s:1:"0";s:6:"credit";s:0:"";s:6:"camera";s:0:"";s:7:"caption";s:0:"";s:17:"created_timestamp";s:1:"0";s:9:"copyright";s:0:"";s:12:"focal_length";s:1:"0";s:3:"iso";s:1:"0";s:13:"shutter_speed";s:1:"0";s:5:"title";s:0:"";s:11:"orientation";s:1:"0";s:8:"keywords";a:0:{}}}]]></wp:meta_value>
		</wp:postmeta>
							</item>
					<item>
		<title><![CDATA[Five easy ways to improve your skills]]></title>
		<link>https://thebasic.valaskastudio.com/five-easy-ways-to-improve-your-skills/</link>
		<pubDate>Sun, 21 Feb 2021 13:05:28 +0000</pubDate>
		<dc:creator><![CDATA[valaska studio]]></dc:creator>
		<guid isPermaLink="false">https://thebasic.valaskastudio.com/?p=140</guid>
		<description></description>
		<content:encoded><![CDATA[<!-- wp:divi/placeholder /-->]]></content:encoded>
		<excerpt:encoded><![CDATA[Lorem ipsum dolor sit amet, consectetuer adipiscing elit. Donec odio. Quisque volutpat mattis eros. Nullam malesuada erat ut turpis.]]></excerpt:encoded>
		<wp:post_id>140</wp:post_id>
		<wp:post_date><![CDATA[2021-02-21 13:05:28]]></wp:post_date>
		<wp:post_date_gmt><![CDATA[2021-02-21 13:05:28]]></wp:post_date_gmt>
		<wp:post_modified><![CDATA[2021-02-21 13:05:29]]></wp:post_modified>
		<wp:post_modified_gmt><![CDATA[2021-02-21 13:05:29]]></wp:post_modified_gmt>
		<wp:comment_status><![CDATA[open]]></wp:comment_status>
		<wp:ping_status><![CDATA[open]]></wp:ping_status>
		<wp:post_name><![CDATA[five-easy-ways-to-improve-your-skills]]></wp:post_name>
		<wp:status><![CDATA[publish]]></wp:status>
		<wp:post_parent>0</wp:post_parent>
		<wp:menu_order>0</wp:menu_order>
		<wp:post_type><![CDATA[post]]></wp:post_type>
		<wp:post_password><![CDATA[]]></wp:post_password>
		<wp:is_sticky>0</wp:is_sticky>
										<category domain="category" nicename="business"><![CDATA[Business]]></category>
		<category domain="category" nicename="design"><![CDATA[Design]]></category>
						<wp:postmeta>
		<wp:meta_key><![CDATA[_thumbnail_id]]></wp:meta_key>
		<wp:meta_value><![CDATA[92]]></wp:meta_value>
		</wp:postmeta>
							<wp:postmeta>
		<wp:meta_key><![CDATA[_edit_last]]></wp:meta_key>
		<wp:meta_value><![CDATA[1]]></wp:meta_value>
		</wp:postmeta>
							<wp:postmeta>
		<wp:meta_key><![CDATA[_et_post_bg_color]]></wp:meta_key>
		<wp:meta_value><![CDATA[#ffffff]]></wp:meta_value>
		</wp:postmeta>
							<wp:postmeta>
		<wp:meta_key><![CDATA[_et_post_bg_layout]]></wp:meta_key>
		<wp:meta_value><![CDATA[light]]></wp:meta_value>
		</wp:postmeta>
							<wp:postmeta>
		<wp:meta_key><![CDATA[_et_pb_show_title]]></wp:meta_key>
		<wp:meta_value><![CDATA[on]]></wp:meta_value>
		</wp:postmeta>
							<wp:postmeta>
		<wp:meta_key><![CDATA[_et_pb_post_hide_nav]]></wp:meta_key>
		<wp:meta_value><![CDATA[default]]></wp:meta_value>
		</wp:postmeta>
							<wp:postmeta>
		<wp:meta_key><![CDATA[_et_pb_page_layout]]></wp:meta_key>
		<wp:meta_value><![CDATA[et_right_sidebar]]></wp:meta_value>
		</wp:postmeta>
							<wp:postmeta>
		<wp:meta_key><![CDATA[_et_pb_side_nav]]></wp:meta_key>
		<wp:meta_value><![CDATA[off]]></wp:meta_value>
		</wp:postmeta>
							</item>
					<item>
		<title><![CDATA[A guide how to become an UI designer]]></title>
		<link>https://thebasic.valaskastudio.com/a-guide-how-to-become-an-ui-designer/</link>
		<pubDate>Sun, 21 Feb 2021 13:05:55 +0000</pubDate>
		<dc:creator><![CDATA[valaska studio]]></dc:creator>
		<guid isPermaLink="false">https://thebasic.valaskastudio.com/?p=142</guid>
		<description></description>
		<content:encoded><![CDATA[<!-- wp:divi/placeholder /-->]]></content:encoded>
		<excerpt:encoded><![CDATA[Lorem ipsum dolor sit amet, consectetuer adipiscing elit. Donec odio. Quisque volutpat mattis eros. Nullam malesuada erat ut turpis.]]></excerpt:encoded>
		<wp:post_id>142</wp:post_id>
		<wp:post_date><![CDATA[2021-02-21 13:05:55]]></wp:post_date>
		<wp:post_date_gmt><![CDATA[2021-02-21 13:05:55]]></wp:post_date_gmt>
		<wp:post_modified><![CDATA[2021-02-21 13:05:56]]></wp:post_modified>
		<wp:post_modified_gmt><![CDATA[2021-02-21 13:05:56]]></wp:post_modified_gmt>
		<wp:comment_status><![CDATA[open]]></wp:comment_status>
		<wp:ping_status><![CDATA[open]]></wp:ping_status>
		<wp:post_name><![CDATA[a-guide-how-to-become-an-ui-designer]]></wp:post_name>
		<wp:status><![CDATA[publish]]></wp:status>
		<wp:post_parent>0</wp:post_parent>
		<wp:menu_order>0</wp:menu_order>
		<wp:post_type><![CDATA[post]]></wp:post_type>
		<wp:post_password><![CDATA[]]></wp:post_password>
		<wp:is_sticky>0</wp:is_sticky>
										<category domain="category" nicename="business"><![CDATA[Business]]></category>
		<category domain="category" nicename="design"><![CDATA[Design]]></category>
						<wp:postmeta>
		<wp:meta_key><![CDATA[_thumbnail_id]]></wp:meta_key>
		<wp:meta_value><![CDATA[92]]></wp:meta_value>
		</wp:postmeta>
							<wp:postmeta>
		<wp:meta_key><![CDATA[_edit_last]]></wp:meta_key>
		<wp:meta_value><![CDATA[1]]></wp:meta_value>
		</wp:postmeta>
							<wp:postmeta>
		<wp:meta_key><![CDATA[_et_post_bg_color]]></wp:meta_key>
		<wp:meta_value><![CDATA[#ffffff]]></wp:meta_value>
		</wp:postmeta>
							<wp:postmeta>
		<wp:meta_key><![CDATA[_et_post_bg_layout]]></wp:meta_key>
		<wp:meta_value><![CDATA[light]]></wp:meta_value>
		</wp:postmeta>
							<wp:postmeta>
		<wp:meta_key><![CDATA[_et_pb_show_title]]></wp:meta_key>
		<wp:meta_value><![CDATA[on]]></wp:meta_value>
		</wp:postmeta>
							<wp:postmeta>
		<wp:meta_key><![CDATA[_et_pb_post_hide_nav]]></wp:meta_key>
		<wp:meta_value><![CDATA[default]]></wp:meta_value>
		</wp:postmeta>
							<wp:postmeta>
		<wp:meta_key><![CDATA[_et_pb_page_layout]]></wp:meta_key>
		<wp:meta_value><![CDATA[et_right_sidebar]]></wp:meta_value>
		</wp:postmeta>
							<wp:postmeta>
		<wp:meta_key><![CDATA[_et_pb_side_nav]]></wp:meta_key>
		<wp:meta_value><![CDATA[off]]></wp:meta_value>
		</wp:postmeta>
							</item>
					<item>
		<title><![CDATA[How to solve issues with user interface]]></title>
		<link>https://thebasic.valaskastudio.com/how-to-solve-issues-with-user-interface/</link>
		<pubDate>Sun, 21 Feb 2021 13:06:16 +0000</pubDate>
		<dc:creator><![CDATA[valaska studio]]></dc:creator>
		<guid isPermaLink="false">https://thebasic.valaskastudio.com/?p=144</guid>
		<description></description>
		<content:encoded><![CDATA[<!-- wp:divi/placeholder /-->]]></content:encoded>
		<excerpt:encoded><![CDATA[Lorem ipsum dolor sit amet, consectetuer adipiscing elit. Donec odio. Quisque volutpat mattis eros. Nullam malesuada erat ut turpis.]]></excerpt:encoded>
		<wp:post_id>144</wp:post_id>
		<wp:post_date><![CDATA[2021-02-21 13:06:16]]></wp:post_date>
		<wp:post_date_gmt><![CDATA[2021-02-21 13:06:16]]></wp:post_date_gmt>
		<wp:post_modified><![CDATA[2021-02-21 13:06:17]]></wp:post_modified>
		<wp:post_modified_gmt><![CDATA[2021-02-21 13:06:17]]></wp:post_modified_gmt>
		<wp:comment_status><![CDATA[open]]></wp:comment_status>
		<wp:ping_status><![CDATA[open]]></wp:ping_status>
		<wp:post_name><![CDATA[how-to-solve-issues-with-user-interface]]></wp:post_name>
		<wp:status><![CDATA[publish]]></wp:status>
		<wp:post_parent>0</wp:post_parent>
		<wp:menu_order>0</wp:menu_order>
		<wp:post_type><![CDATA[post]]></wp:post_type>
		<wp:post_password><![CDATA[]]></wp:post_password>
		<wp:is_sticky>0</wp:is_sticky>
										<category domain="category" nicename="business"><![CDATA[Business]]></category>
		<category domain="category" nicename="design"><![CDATA[Design]]></category>
						<wp:postmeta>
		<wp:meta_key><![CDATA[_thumbnail_id]]></wp:meta_key>
		<wp:meta_value><![CDATA[92]]></wp:meta_value>
		</wp:postmeta>
							<wp:postmeta>
		<wp:meta_key><![CDATA[_edit_last]]></wp:meta_key>
		<wp:meta_value><![CDATA[1]]></wp:meta_value>
		</wp:postmeta>
							<wp:postmeta>
		<wp:meta_key><![CDATA[_et_post_bg_color]]></wp:meta_key>
		<wp:meta_value><![CDATA[#ffffff]]></wp:meta_value>
		</wp:postmeta>
							<wp:postmeta>
		<wp:meta_key><![CDATA[_et_post_bg_layout]]></wp:meta_key>
		<wp:meta_value><![CDATA[light]]></wp:meta_value>
		</wp:postmeta>
							<wp:postmeta>
		<wp:meta_key><![CDATA[_et_pb_show_title]]></wp:meta_key>
		<wp:meta_value><![CDATA[on]]></wp:meta_value>
		</wp:postmeta>
							<wp:postmeta>
		<wp:meta_key><![CDATA[_et_pb_post_hide_nav]]></wp:meta_key>
		<wp:meta_value><![CDATA[default]]></wp:meta_value>
		</wp:postmeta>
							<wp:postmeta>
		<wp:meta_key><![CDATA[_et_pb_page_layout]]></wp:meta_key>
		<wp:meta_value><![CDATA[et_right_sidebar]]></wp:meta_value>
		</wp:postmeta>
							<wp:postmeta>
		<wp:meta_key><![CDATA[_et_pb_side_nav]]></wp:meta_key>
		<wp:meta_value><![CDATA[off]]></wp:meta_value>
		</wp:postmeta>
							</item>
					<item>
		<title><![CDATA[The difference between UX and UI design]]></title>
		<link>https://thebasic.valaskastudio.com/the-difference-between-ux-and-ui-design/</link>
		<pubDate>Sun, 21 Feb 2021 13:06:39 +0000</pubDate>
		<dc:creator><![CDATA[valaska studio]]></dc:creator>
		<guid isPermaLink="false">https://thebasic.valaskastudio.com/?p=146</guid>
		<description></description>
		<content:encoded><![CDATA[<!-- wp:divi/placeholder /-->]]></content:encoded>
		<excerpt:encoded><![CDATA[Lorem ipsum dolor sit amet, consectetuer adipiscing elit. Donec odio. Quisque volutpat mattis eros. Nullam malesuada erat ut turpis.]]></excerpt:encoded>
		<wp:post_id>146</wp:post_id>
		<wp:post_date><![CDATA[2021-02-21 13:06:39]]></wp:post_date>
		<wp:post_date_gmt><![CDATA[2021-02-21 13:06:39]]></wp:post_date_gmt>
		<wp:post_modified><![CDATA[2021-02-21 13:06:40]]></wp:post_modified>
		<wp:post_modified_gmt><![CDATA[2021-02-21 13:06:40]]></wp:post_modified_gmt>
		<wp:comment_status><![CDATA[open]]></wp:comment_status>
		<wp:ping_status><![CDATA[open]]></wp:ping_status>
		<wp:post_name><![CDATA[the-difference-between-ux-and-ui-design]]></wp:post_name>
		<wp:status><![CDATA[publish]]></wp:status>
		<wp:post_parent>0</wp:post_parent>
		<wp:menu_order>0</wp:menu_order>
		<wp:post_type><![CDATA[post]]></wp:post_type>
		<wp:post_password><![CDATA[]]></wp:post_password>
		<wp:is_sticky>0</wp:is_sticky>
										<category domain="category" nicename="business"><![CDATA[Business]]></category>
		<category domain="category" nicename="design"><![CDATA[Design]]></category>
						<wp:postmeta>
		<wp:meta_key><![CDATA[_thumbnail_id]]></wp:meta_key>
		<wp:meta_value><![CDATA[92]]></wp:meta_value>
		</wp:postmeta>
							<wp:postmeta>
		<wp:meta_key><![CDATA[_edit_last]]></wp:meta_key>
		<wp:meta_value><![CDATA[1]]></wp:meta_value>
		</wp:postmeta>
							<wp:postmeta>
		<wp:meta_key><![CDATA[_et_post_bg_color]]></wp:meta_key>
		<wp:meta_value><![CDATA[#ffffff]]></wp:meta_value>
		</wp:postmeta>
							<wp:postmeta>
		<wp:meta_key><![CDATA[_et_post_bg_layout]]></wp:meta_key>
		<wp:meta_value><![CDATA[light]]></wp:meta_value>
		</wp:postmeta>
							<wp:postmeta>
		<wp:meta_key><![CDATA[_et_pb_show_title]]></wp:meta_key>
		<wp:meta_value><![CDATA[on]]></wp:meta_value>
		</wp:postmeta>
							<wp:postmeta>
		<wp:meta_key><![CDATA[_et_pb_post_hide_nav]]></wp:meta_key>
		<wp:meta_value><![CDATA[default]]></wp:meta_value>
		</wp:postmeta>
							<wp:postmeta>
		<wp:meta_key><![CDATA[_et_pb_page_layout]]></wp:meta_key>
		<wp:meta_value><![CDATA[et_right_sidebar]]></wp:meta_value>
		</wp:postmeta>
							<wp:postmeta>
		<wp:meta_key><![CDATA[_et_pb_side_nav]]></wp:meta_key>
		<wp:meta_value><![CDATA[off]]></wp:meta_value>
		</wp:postmeta>
							</item>
					<item>
		<title><![CDATA[Design facts that will blow your mind]]></title>
		<link>https://thebasic.valaskastudio.com/design-facts-that-will-blow-your-mind/</link>
		<pubDate>Sun, 21 Feb 2021 13:07:05 +0000</pubDate>
		<dc:creator><![CDATA[valaska studio]]></dc:creator>
		<guid isPermaLink="false">https://thebasic.valaskastudio.com/?p=148</guid>
		<description></description>
		<content:encoded><![CDATA[<!-- wp:divi/placeholder /-->]]></content:encoded>
		<excerpt:encoded><![CDATA[Lorem ipsum dolor sit amet, consectetuer adipiscing elit. Donec odio. Quisque volutpat mattis eros. Nullam malesuada erat ut turpis.]]></excerpt:encoded>
		<wp:post_id>148</wp:post_id>
		<wp:post_date><![CDATA[2021-02-21 13:07:05]]></wp:post_date>
		<wp:post_date_gmt><![CDATA[2021-02-21 13:07:05]]></wp:post_date_gmt>
		<wp:post_modified><![CDATA[2021-02-21 13:07:06]]></wp:post_modified>
		<wp:post_modified_gmt><![CDATA[2021-02-21 13:07:06]]></wp:post_modified_gmt>
		<wp:comment_status><![CDATA[open]]></wp:comment_status>
		<wp:ping_status><![CDATA[open]]></wp:ping_status>
		<wp:post_name><![CDATA[design-facts-that-will-blow-your-mind]]></wp:post_name>
		<wp:status><![CDATA[publish]]></wp:status>
		<wp:post_parent>0</wp:post_parent>
		<wp:menu_order>0</wp:menu_order>
		<wp:post_type><![CDATA[post]]></wp:post_type>
		<wp:post_password><![CDATA[]]></wp:post_password>
		<wp:is_sticky>0</wp:is_sticky>
										<category domain="category" nicename="business"><![CDATA[Business]]></category>
		<category domain="category" nicename="design"><![CDATA[Design]]></category>
						<wp:postmeta>
		<wp:meta_key><![CDATA[_thumbnail_id]]></wp:meta_key>
		<wp:meta_value><![CDATA[92]]></wp:meta_value>
		</wp:postmeta>
							<wp:postmeta>
		<wp:meta_key><![CDATA[_edit_last]]></wp:meta_key>
		<wp:meta_value><![CDATA[1]]></wp:meta_value>
		</wp:postmeta>
							<wp:postmeta>
		<wp:meta_key><![CDATA[_et_post_bg_color]]></wp:meta_key>
		<wp:meta_value><![CDATA[#ffffff]]></wp:meta_value>
		</wp:postmeta>
							<wp:postmeta>
		<wp:meta_key><![CDATA[_et_post_bg_layout]]></wp:meta_key>
		<wp:meta_value><![CDATA[light]]></wp:meta_value>
		</wp:postmeta>
							<wp:postmeta>
		<wp:meta_key><![CDATA[_et_pb_show_title]]></wp:meta_key>
		<wp:meta_value><![CDATA[on]]></wp:meta_value>
		</wp:postmeta>
							<wp:postmeta>
		<wp:meta_key><![CDATA[_et_pb_post_hide_nav]]></wp:meta_key>
		<wp:meta_value><![CDATA[default]]></wp:meta_value>
		</wp:postmeta>
							<wp:postmeta>
		<wp:meta_key><![CDATA[_et_pb_page_layout]]></wp:meta_key>
		<wp:meta_value><![CDATA[et_right_sidebar]]></wp:meta_value>
		</wp:postmeta>
							<wp:postmeta>
		<wp:meta_key><![CDATA[_et_pb_side_nav]]></wp:meta_key>
		<wp:meta_value><![CDATA[off]]></wp:meta_value>
		</wp:postmeta>
							</item>
					<item>
		<title><![CDATA[Understand the background of design]]></title>
		<link>https://thebasic.valaskastudio.com/understand-the-background-of-design/</link>
		<pubDate>Sun, 21 Feb 2021 13:07:24 +0000</pubDate>
		<dc:creator><![CDATA[valaska studio]]></dc:creator>
		<guid isPermaLink="false">https://thebasic.valaskastudio.com/?p=150</guid>
		<description></description>
		<content:encoded><![CDATA[<!-- wp:divi/placeholder /-->]]></content:encoded>
		<excerpt:encoded><![CDATA[Lorem ipsum dolor sit amet, consectetuer adipiscing elit. Donec odio. Quisque volutpat mattis eros. Nullam malesuada erat ut turpis.]]></excerpt:encoded>
		<wp:post_id>150</wp:post_id>
		<wp:post_date><![CDATA[2021-02-21 13:07:24]]></wp:post_date>
		<wp:post_date_gmt><![CDATA[2021-02-21 13:07:24]]></wp:post_date_gmt>
		<wp:post_modified><![CDATA[2021-02-21 13:07:25]]></wp:post_modified>
		<wp:post_modified_gmt><![CDATA[2021-02-21 13:07:25]]></wp:post_modified_gmt>
		<wp:comment_status><![CDATA[open]]></wp:comment_status>
		<wp:ping_status><![CDATA[open]]></wp:ping_status>
		<wp:post_name><![CDATA[understand-the-background-of-design]]></wp:post_name>
		<wp:status><![CDATA[publish]]></wp:status>
		<wp:post_parent>0</wp:post_parent>
		<wp:menu_order>0</wp:menu_order>
		<wp:post_type><![CDATA[post]]></wp:post_type>
		<wp:post_password><![CDATA[]]></wp:post_password>
		<wp:is_sticky>0</wp:is_sticky>
										<category domain="category" nicename="business"><![CDATA[Business]]></category>
		<category domain="category" nicename="design"><![CDATA[Design]]></category>
						<wp:postmeta>
		<wp:meta_key><![CDATA[_thumbnail_id]]></wp:meta_key>
		<wp:meta_value><![CDATA[92]]></wp:meta_value>
		</wp:postmeta>
							<wp:postmeta>
		<wp:meta_key><![CDATA[_edit_last]]></wp:meta_key>
		<wp:meta_value><![CDATA[1]]></wp:meta_value>
		</wp:postmeta>
							<wp:postmeta>
		<wp:meta_key><![CDATA[_et_post_bg_color]]></wp:meta_key>
		<wp:meta_value><![CDATA[#ffffff]]></wp:meta_value>
		</wp:postmeta>
							<wp:postmeta>
		<wp:meta_key><![CDATA[_et_post_bg_layout]]></wp:meta_key>
		<wp:meta_value><![CDATA[light]]></wp:meta_value>
		</wp:postmeta>
							<wp:postmeta>
		<wp:meta_key><![CDATA[_et_pb_show_title]]></wp:meta_key>
		<wp:meta_value><![CDATA[on]]></wp:meta_value>
		</wp:postmeta>
							<wp:postmeta>
		<wp:meta_key><![CDATA[_et_pb_post_hide_nav]]></wp:meta_key>
		<wp:meta_value><![CDATA[default]]></wp:meta_value>
		</wp:postmeta>
							<wp:postmeta>
		<wp:meta_key><![CDATA[_et_pb_page_layout]]></wp:meta_key>
		<wp:meta_value><![CDATA[et_right_sidebar]]></wp:meta_value>
		</wp:postmeta>
							<wp:postmeta>
		<wp:meta_key><![CDATA[_et_pb_side_nav]]></wp:meta_key>
		<wp:meta_value><![CDATA[off]]></wp:meta_value>
		</wp:postmeta>
							</item>
					<item>
		<title><![CDATA[25 surprising facts about wireframes]]></title>
		<link>https://thebasic.valaskastudio.com/25-surprising-facts-about-wireframes/</link>
		<pubDate>Sun, 21 Feb 2021 13:07:46 +0000</pubDate>
		<dc:creator><![CDATA[valaska studio]]></dc:creator>
		<guid isPermaLink="false">https://thebasic.valaskastudio.com/?p=152</guid>
		<description></description>
		<content:encoded><![CDATA[<!-- wp:divi/placeholder /-->]]></content:encoded>
		<excerpt:encoded><![CDATA[Lorem ipsum dolor sit amet, consectetuer adipiscing elit. Donec odio. Quisque volutpat mattis eros. Nullam malesuada erat ut turpis.]]></excerpt:encoded>
		<wp:post_id>152</wp:post_id>
		<wp:post_date><![CDATA[2021-02-21 13:07:46]]></wp:post_date>
		<wp:post_date_gmt><![CDATA[2021-02-21 13:07:46]]></wp:post_date_gmt>
		<wp:post_modified><![CDATA[2021-02-21 13:07:47]]></wp:post_modified>
		<wp:post_modified_gmt><![CDATA[2021-02-21 13:07:47]]></wp:post_modified_gmt>
		<wp:comment_status><![CDATA[open]]></wp:comment_status>
		<wp:ping_status><![CDATA[open]]></wp:ping_status>
		<wp:post_name><![CDATA[25-surprising-facts-about-wireframes]]></wp:post_name>
		<wp:status><![CDATA[publish]]></wp:status>
		<wp:post_parent>0</wp:post_parent>
		<wp:menu_order>0</wp:menu_order>
		<wp:post_type><![CDATA[post]]></wp:post_type>
		<wp:post_password><![CDATA[]]></wp:post_password>
		<wp:is_sticky>0</wp:is_sticky>
										<category domain="category" nicename="business"><![CDATA[Business]]></category>
		<category domain="category" nicename="design"><![CDATA[Design]]></category>
						<wp:postmeta>
		<wp:meta_key><![CDATA[_thumbnail_id]]></wp:meta_key>
		<wp:meta_value><![CDATA[92]]></wp:meta_value>
		</wp:postmeta>
							<wp:postmeta>
		<wp:meta_key><![CDATA[_edit_last]]></wp:meta_key>
		<wp:meta_value><![CDATA[1]]></wp:meta_value>
		</wp:postmeta>
							<wp:postmeta>
		<wp:meta_key><![CDATA[_et_post_bg_color]]></wp:meta_key>
		<wp:meta_value><![CDATA[#ffffff]]></wp:meta_value>
		</wp:postmeta>
							<wp:postmeta>
		<wp:meta_key><![CDATA[_et_post_bg_layout]]></wp:meta_key>
		<wp:meta_value><![CDATA[light]]></wp:meta_value>
		</wp:postmeta>
							<wp:postmeta>
		<wp:meta_key><![CDATA[_et_pb_show_title]]></wp:meta_key>
		<wp:meta_value><![CDATA[on]]></wp:meta_value>
		</wp:postmeta>
							<wp:postmeta>
		<wp:meta_key><![CDATA[_et_pb_post_hide_nav]]></wp:meta_key>
		<wp:meta_value><![CDATA[default]]></wp:meta_value>
		</wp:postmeta>
							<wp:postmeta>
		<wp:meta_key><![CDATA[_et_pb_page_layout]]></wp:meta_key>
		<wp:meta_value><![CDATA[et_right_sidebar]]></wp:meta_value>
		</wp:postmeta>
							<wp:postmeta>
		<wp:meta_key><![CDATA[_et_pb_side_nav]]></wp:meta_key>
		<wp:meta_value><![CDATA[off]]></wp:meta_value>
		</wp:postmeta>
							</item>
					<item>
		<title><![CDATA[UX vs. UI design: expectations vs. reality]]></title>
		<link>https://thebasic.valaskastudio.com/ux-vs-ui-design-expectations-vs-reality/</link>
		<pubDate>Sun, 21 Feb 2021 13:08:12 +0000</pubDate>
		<dc:creator><![CDATA[valaska studio]]></dc:creator>
		<guid isPermaLink="false">https://thebasic.valaskastudio.com/?p=154</guid>
		<description></description>
		<content:encoded><![CDATA[<!-- wp:divi/placeholder /-->]]></content:encoded>
		<excerpt:encoded><![CDATA[Lorem ipsum dolor sit amet, consectetuer adipiscing elit. Donec odio. Quisque volutpat mattis eros. Nullam malesuada erat ut turpis.]]></excerpt:encoded>
		<wp:post_id>154</wp:post_id>
		<wp:post_date><![CDATA[2021-02-21 13:08:12]]></wp:post_date>
		<wp:post_date_gmt><![CDATA[2021-02-21 13:08:12]]></wp:post_date_gmt>
		<wp:post_modified><![CDATA[2021-02-21 13:08:13]]></wp:post_modified>
		<wp:post_modified_gmt><![CDATA[2021-02-21 13:08:13]]></wp:post_modified_gmt>
		<wp:comment_status><![CDATA[open]]></wp:comment_status>
		<wp:ping_status><![CDATA[open]]></wp:ping_status>
		<wp:post_name><![CDATA[ux-vs-ui-design-expectations-vs-reality]]></wp:post_name>
		<wp:status><![CDATA[publish]]></wp:status>
		<wp:post_parent>0</wp:post_parent>
		<wp:menu_order>0</wp:menu_order>
		<wp:post_type><![CDATA[post]]></wp:post_type>
		<wp:post_password><![CDATA[]]></wp:post_password>
		<wp:is_sticky>0</wp:is_sticky>
										<category domain="category" nicename="business"><![CDATA[Business]]></category>
		<category domain="category" nicename="design"><![CDATA[Design]]></category>
						<wp:postmeta>
		<wp:meta_key><![CDATA[_thumbnail_id]]></wp:meta_key>
		<wp:meta_value><![CDATA[92]]></wp:meta_value>
		</wp:postmeta>
							<wp:postmeta>
		<wp:meta_key><![CDATA[_edit_last]]></wp:meta_key>
		<wp:meta_value><![CDATA[1]]></wp:meta_value>
		</wp:postmeta>
							<wp:postmeta>
		<wp:meta_key><![CDATA[_et_post_bg_color]]></wp:meta_key>
		<wp:meta_value><![CDATA[#ffffff]]></wp:meta_value>
		</wp:postmeta>
							<wp:postmeta>
		<wp:meta_key><![CDATA[_et_post_bg_layout]]></wp:meta_key>
		<wp:meta_value><![CDATA[light]]></wp:meta_value>
		</wp:postmeta>
							<wp:postmeta>
		<wp:meta_key><![CDATA[_et_pb_show_title]]></wp:meta_key>
		<wp:meta_value><![CDATA[on]]></wp:meta_value>
		</wp:postmeta>
							<wp:postmeta>
		<wp:meta_key><![CDATA[_et_pb_post_hide_nav]]></wp:meta_key>
		<wp:meta_value><![CDATA[default]]></wp:meta_value>
		</wp:postmeta>
							<wp:postmeta>
		<wp:meta_key><![CDATA[_et_pb_page_layout]]></wp:meta_key>
		<wp:meta_value><![CDATA[et_right_sidebar]]></wp:meta_value>
		</wp:postmeta>
							<wp:postmeta>
		<wp:meta_key><![CDATA[_et_pb_side_nav]]></wp:meta_key>
		<wp:meta_value><![CDATA[off]]></wp:meta_value>
		</wp:postmeta>
							</item>
				</channel>
</rss>
	