<?xml version="1.0" encoding="UTF-8" ?>
<!-- This is a WordPress eXtended RSS file generated by WordPress as an export of your site. -->
<!-- It contains information about your site's posts, pages, comments, categories, and other content. -->
<!-- You may use this file to transfer that content from one site to another. -->
<!-- This file is not intended to serve as a complete backup of your site. -->

<!-- To import this information into a WordPress site follow these steps: -->
<!-- 1. Log in to that site as an administrator. -->
<!-- 2. Go to Tools: Import in the WordPress admin panel. -->
<!-- 3. Install the "WordPress" importer from the list. -->
<!-- 4. Activate & Run Importer. -->
<!-- 5. Upload this file using the form provided on that page. -->
<!-- 6. You will first be asked to map the authors in this export file to users -->
<!--    on the site. For each author, you may choose to map to an -->
<!--    existing user on the site or to create a new user. -->
<!-- 7. WordPress will then import each of the posts, pages, comments, categories, etc. -->
<!--    contained in this file into your site. -->

	<!-- generator="WordPress/5.7" created="2021-03-11 14:53" -->
<rss version="2.0"
	xmlns:excerpt="http://wordpress.org/export/1.2/excerpt/"
	xmlns:content="http://purl.org/rss/1.0/modules/content/"
	xmlns:wfw="http://wellformedweb.org/CommentAPI/"
	xmlns:dc="http://purl.org/dc/elements/1.1/"
	xmlns:wp="http://wordpress.org/export/1.2/"
>

<channel>
	<title>The Basic</title>
	<link>https://thebasic.valaskastudio.com</link>
	<description>Wireframe Divi UI Kit</description>
	<pubDate>Thu, 11 Mar 2021 14:53:53 +0000</pubDate>
	<language>en-US</language>
	<wp:wxr_version>1.2</wp:wxr_version>
	<wp:base_site_url>https://thebasic.valaskastudio.com</wp:base_site_url>
	<wp:base_blog_url>https://thebasic.valaskastudio.com</wp:base_blog_url>

		<wp:author><wp:author_id>1</wp:author_id><wp:author_login><![CDATA[valaska studio]]></wp:author_login><wp:author_email><![CDATA[info@valaskastudio.com]]></wp:author_email><wp:author_display_name><![CDATA[valaska studio]]></wp:author_display_name><wp:author_first_name><![CDATA[]]></wp:author_first_name><wp:author_last_name><![CDATA[]]></wp:author_last_name></wp:author>

				
	<generator>https://wordpress.org/?v=5.7</generator>

<image>
	<url>https://thebasic.valaskastudio.com/wp-content/uploads/2021/02/cropped-the-basic-logo-dark-32x32.png</url>
	<title>The Basic</title>
	<link>https://thebasic.valaskastudio.com</link>
	<width>32</width>
	<height>32</height>
</image> 

		<item>
		<title><![CDATA[tbvs-image-2560x1440]]></title>
		<link>https://thebasic.valaskastudio.com/tbvs-image-2560x1440/</link>
		<pubDate>Sun, 21 Feb 2021 12:54:36 +0000</pubDate>
		<dc:creator><![CDATA[valaska studio]]></dc:creator>
		<guid isPermaLink="false">https://thebasic.valaskastudio.com/wp-content/uploads/2021/02/tbvs-image-2560x1440-1.png</guid>
		<description></description>
		<content:encoded><![CDATA[]]></content:encoded>
		<excerpt:encoded><![CDATA[]]></excerpt:encoded>
		<wp:post_id>92</wp:post_id>
		<wp:post_date><![CDATA[2021-02-21 12:54:36]]></wp:post_date>
		<wp:post_date_gmt><![CDATA[2021-02-21 12:54:36]]></wp:post_date_gmt>
		<wp:post_modified><![CDATA[2021-02-21 12:54:36]]></wp:post_modified>
		<wp:post_modified_gmt><![CDATA[2021-02-21 12:54:36]]></wp:post_modified_gmt>
		<wp:comment_status><![CDATA[open]]></wp:comment_status>
		<wp:ping_status><![CDATA[closed]]></wp:ping_status>
		<wp:post_name><![CDATA[tbvs-image-2560x1440]]></wp:post_name>
		<wp:status><![CDATA[inherit]]></wp:status>
		<wp:post_parent>0</wp:post_parent>
		<wp:menu_order>0</wp:menu_order>
		<wp:post_type><![CDATA[attachment]]></wp:post_type>
		<wp:post_password><![CDATA[]]></wp:post_password>
		<wp:is_sticky>0</wp:is_sticky>
						<wp:attachment_url><![CDATA[https://thebasic.valaskastudio.com/wp-content/uploads/2021/02/tbvs-image-2560x1440-1.png]]></wp:attachment_url>
											<wp:postmeta>
		<wp:meta_key><![CDATA[_wp_attached_file]]></wp:meta_key>
		<wp:meta_value><![CDATA[2021/02/tbvs-image-2560x1440-1.png]]></wp:meta_value>
		</wp:postmeta>
							<wp:postmeta>
		<wp:meta_key><![CDATA[_wp_attachment_metadata]]></wp:meta_key>
		<wp:meta_value><![CDATA[a:5:{s:5:"width";i:2560;s:6:"height";i:1440;s:4:"file";s:34:"2021/02/tbvs-image-2560x1440-1.png";s:5:"sizes";a:15:{s:6:"medium";a:4:{s:4:"file";s:34:"tbvs-image-2560x1440-1-300x169.png";s:5:"width";i:300;s:6:"height";i:169;s:9:"mime-type";s:9:"image/png";}s:5:"large";a:4:{s:4:"file";s:35:"tbvs-image-2560x1440-1-1024x576.png";s:5:"width";i:1024;s:6:"height";i:576;s:9:"mime-type";s:9:"image/png";}s:9:"thumbnail";a:4:{s:4:"file";s:34:"tbvs-image-2560x1440-1-150x150.png";s:5:"width";i:150;s:6:"height";i:150;s:9:"mime-type";s:9:"image/png";}s:12:"medium_large";a:4:{s:4:"file";s:34:"tbvs-image-2560x1440-1-768x432.png";s:5:"width";i:768;s:6:"height";i:432;s:9:"mime-type";s:9:"image/png";}s:9:"1536x1536";a:4:{s:4:"file";s:35:"tbvs-image-2560x1440-1-1536x864.png";s:5:"width";i:1536;s:6:"height";i:864;s:9:"mime-type";s:9:"image/png";}s:9:"2048x2048";a:4:{s:4:"file";s:36:"tbvs-image-2560x1440-1-2048x1152.png";s:5:"width";i:2048;s:6:"height";i:1152;s:9:"mime-type";s:9:"image/png";}s:21:"et-pb-post-main-image";a:4:{s:4:"file";s:34:"tbvs-image-2560x1440-1-400x250.png";s:5:"width";i:400;s:6:"height";i:250;s:9:"mime-type";s:9:"image/png";}s:31:"et-pb-post-main-image-fullwidth";a:4:{s:4:"file";s:35:"tbvs-image-2560x1440-1-1080x675.png";s:5:"width";i:1080;s:6:"height";i:675;s:9:"mime-type";s:9:"image/png";}s:21:"et-pb-portfolio-image";a:4:{s:4:"file";s:34:"tbvs-image-2560x1440-1-400x284.png";s:5:"width";i:400;s:6:"height";i:284;s:9:"mime-type";s:9:"image/png";}s:28:"et-pb-portfolio-module-image";a:4:{s:4:"file";s:34:"tbvs-image-2560x1440-1-510x382.png";s:5:"width";i:510;s:6:"height";i:382;s:9:"mime-type";s:9:"image/png";}s:28:"et-pb-portfolio-image-single";a:4:{s:4:"file";s:35:"tbvs-image-2560x1440-1-1080x608.png";s:5:"width";i:1080;s:6:"height";i:608;s:9:"mime-type";s:9:"image/png";}s:35:"et-pb-gallery-module-image-portrait";a:4:{s:4:"file";s:34:"tbvs-image-2560x1440-1-400x516.png";s:5:"width";i:400;s:6:"height";i:516;s:9:"mime-type";s:9:"image/png";}s:32:"et-pb-image--responsive--desktop";a:4:{s:4:"file";s:35:"tbvs-image-2560x1440-1-1280x720.png";s:5:"width";i:1280;s:6:"height";i:720;s:9:"mime-type";s:9:"image/png";}s:31:"et-pb-image--responsive--tablet";a:4:{s:4:"file";s:34:"tbvs-image-2560x1440-1-980x551.png";s:5:"width";i:980;s:6:"height";i:551;s:9:"mime-type";s:9:"image/png";}s:30:"et-pb-image--responsive--phone";a:4:{s:4:"file";s:34:"tbvs-image-2560x1440-1-480x270.png";s:5:"width";i:480;s:6:"height";i:270;s:9:"mime-type";s:9:"image/png";}}s:10:"image_meta";a:12:{s:8:"aperture";s:1:"0";s:6:"credit";s:0:"";s:6:"camera";s:0:"";s:7:"caption";s:0:"";s:17:"created_timestamp";s:1:"0";s:9:"copyright";s:0:"";s:12:"focal_length";s:1:"0";s:3:"iso";s:1:"0";s:13:"shutter_speed";s:1:"0";s:5:"title";s:0:"";s:11:"orientation";s:1:"0";s:8:"keywords";a:0:{}}}]]></wp:meta_value>
		</wp:postmeta>
							</item>
					<item>
		<title><![CDATA[Medical Design Pack]]></title>
		<link>https://thebasic.valaskastudio.com/project/medical-design-pack/</link>
		<pubDate>Sun, 21 Feb 2021 12:58:18 +0000</pubDate>
		<dc:creator><![CDATA[valaska studio]]></dc:creator>
		<guid isPermaLink="false">https://thebasic.valaskastudio.com/?post_type=project&#038;p=115</guid>
		<description></description>
		<content:encoded><![CDATA[<!-- wp:divi/placeholder /-->]]></content:encoded>
		<excerpt:encoded><![CDATA[]]></excerpt:encoded>
		<wp:post_id>115</wp:post_id>
		<wp:post_date><![CDATA[2021-02-21 12:58:18]]></wp:post_date>
		<wp:post_date_gmt><![CDATA[2021-02-21 12:58:18]]></wp:post_date_gmt>
		<wp:post_modified><![CDATA[2021-02-21 13:03:43]]></wp:post_modified>
		<wp:post_modified_gmt><![CDATA[2021-02-21 13:03:43]]></wp:post_modified_gmt>
		<wp:comment_status><![CDATA[open]]></wp:comment_status>
		<wp:ping_status><![CDATA[closed]]></wp:ping_status>
		<wp:post_name><![CDATA[medical-design-pack]]></wp:post_name>
		<wp:status><![CDATA[publish]]></wp:status>
		<wp:post_parent>0</wp:post_parent>
		<wp:menu_order>0</wp:menu_order>
		<wp:post_type><![CDATA[project]]></wp:post_type>
		<wp:post_password><![CDATA[]]></wp:post_password>
		<wp:is_sticky>0</wp:is_sticky>
										<category domain="project_category" nicename="ux-ui-kits"><![CDATA[UX/UI Kits]]></category>
		<category domain="project_category" nicename="web-design"><![CDATA[Web Design]]></category>
						<wp:postmeta>
		<wp:meta_key><![CDATA[_thumbnail_id]]></wp:meta_key>
		<wp:meta_value><![CDATA[92]]></wp:meta_value>
		</wp:postmeta>
							<wp:postmeta>
		<wp:meta_key><![CDATA[_edit_last]]></wp:meta_key>
		<wp:meta_value><![CDATA[1]]></wp:meta_value>
		</wp:postmeta>
							<wp:postmeta>
		<wp:meta_key><![CDATA[_et_pb_post_hide_nav]]></wp:meta_key>
		<wp:meta_value><![CDATA[default]]></wp:meta_value>
		</wp:postmeta>
							<wp:postmeta>
		<wp:meta_key><![CDATA[_et_pb_project_nav]]></wp:meta_key>
		<wp:meta_value><![CDATA[off]]></wp:meta_value>
		</wp:postmeta>
							<wp:postmeta>
		<wp:meta_key><![CDATA[_et_pb_page_layout]]></wp:meta_key>
		<wp:meta_value><![CDATA[et_right_sidebar]]></wp:meta_value>
		</wp:postmeta>
							<wp:postmeta>
		<wp:meta_key><![CDATA[_et_pb_side_nav]]></wp:meta_key>
		<wp:meta_value><![CDATA[off]]></wp:meta_value>
		</wp:postmeta>
							</item>
					<item>
		<title><![CDATA[Prototyping Template]]></title>
		<link>https://thebasic.valaskastudio.com/project/prototyping-template/</link>
		<pubDate>Sun, 21 Feb 2021 12:58:41 +0000</pubDate>
		<dc:creator><![CDATA[valaska studio]]></dc:creator>
		<guid isPermaLink="false">https://thebasic.valaskastudio.com/?post_type=project&#038;p=117</guid>
		<description></description>
		<content:encoded><![CDATA[<!-- wp:divi/placeholder /-->]]></content:encoded>
		<excerpt:encoded><![CDATA[]]></excerpt:encoded>
		<wp:post_id>117</wp:post_id>
		<wp:post_date><![CDATA[2021-02-21 12:58:41]]></wp:post_date>
		<wp:post_date_gmt><![CDATA[2021-02-21 12:58:41]]></wp:post_date_gmt>
		<wp:post_modified><![CDATA[2021-02-21 13:03:33]]></wp:post_modified>
		<wp:post_modified_gmt><![CDATA[2021-02-21 13:03:33]]></wp:post_modified_gmt>
		<wp:comment_status><![CDATA[open]]></wp:comment_status>
		<wp:ping_status><![CDATA[closed]]></wp:ping_status>
		<wp:post_name><![CDATA[prototyping-template]]></wp:post_name>
		<wp:status><![CDATA[publish]]></wp:status>
		<wp:post_parent>0</wp:post_parent>
		<wp:menu_order>0</wp:menu_order>
		<wp:post_type><![CDATA[project]]></wp:post_type>
		<wp:post_password><![CDATA[]]></wp:post_password>
		<wp:is_sticky>0</wp:is_sticky>
										<category domain="project_category" nicename="ux-ui-kits"><![CDATA[UX/UI Kits]]></category>
		<category domain="project_category" nicename="wireframes"><![CDATA[Wireframes]]></category>
						<wp:postmeta>
		<wp:meta_key><![CDATA[_thumbnail_id]]></wp:meta_key>
		<wp:meta_value><![CDATA[92]]></wp:meta_value>
		</wp:postmeta>
							<wp:postmeta>
		<wp:meta_key><![CDATA[_edit_last]]></wp:meta_key>
		<wp:meta_value><![CDATA[1]]></wp:meta_value>
		</wp:postmeta>
							<wp:postmeta>
		<wp:meta_key><![CDATA[_et_pb_post_hide_nav]]></wp:meta_key>
		<wp:meta_value><![CDATA[default]]></wp:meta_value>
		</wp:postmeta>
							<wp:postmeta>
		<wp:meta_key><![CDATA[_et_pb_project_nav]]></wp:meta_key>
		<wp:meta_value><![CDATA[off]]></wp:meta_value>
		</wp:postmeta>
							<wp:postmeta>
		<wp:meta_key><![CDATA[_et_pb_page_layout]]></wp:meta_key>
		<wp:meta_value><![CDATA[et_right_sidebar]]></wp:meta_value>
		</wp:postmeta>
							<wp:postmeta>
		<wp:meta_key><![CDATA[_et_pb_side_nav]]></wp:meta_key>
		<wp:meta_value><![CDATA[off]]></wp:meta_value>
		</wp:postmeta>
							</item>
					<item>
		<title><![CDATA[Material Design]]></title>
		<link>https://thebasic.valaskastudio.com/project/material-design/</link>
		<pubDate>Sun, 21 Feb 2021 12:58:56 +0000</pubDate>
		<dc:creator><![CDATA[valaska studio]]></dc:creator>
		<guid isPermaLink="false">https://thebasic.valaskastudio.com/?post_type=project&#038;p=119</guid>
		<description></description>
		<content:encoded><![CDATA[<!-- wp:divi/placeholder /-->]]></content:encoded>
		<excerpt:encoded><![CDATA[]]></excerpt:encoded>
		<wp:post_id>119</wp:post_id>
		<wp:post_date><![CDATA[2021-02-21 12:58:56]]></wp:post_date>
		<wp:post_date_gmt><![CDATA[2021-02-21 12:58:56]]></wp:post_date_gmt>
		<wp:post_modified><![CDATA[2021-02-21 13:03:26]]></wp:post_modified>
		<wp:post_modified_gmt><![CDATA[2021-02-21 13:03:26]]></wp:post_modified_gmt>
		<wp:comment_status><![CDATA[open]]></wp:comment_status>
		<wp:ping_status><![CDATA[closed]]></wp:ping_status>
		<wp:post_name><![CDATA[material-design]]></wp:post_name>
		<wp:status><![CDATA[publish]]></wp:status>
		<wp:post_parent>0</wp:post_parent>
		<wp:menu_order>0</wp:menu_order>
		<wp:post_type><![CDATA[project]]></wp:post_type>
		<wp:post_password><![CDATA[]]></wp:post_password>
		<wp:is_sticky>0</wp:is_sticky>
										<category domain="project_category" nicename="ux-ui-kits"><![CDATA[UX/UI Kits]]></category>
		<category domain="project_category" nicename="web-design"><![CDATA[Web Design]]></category>
						<wp:postmeta>
		<wp:meta_key><![CDATA[_thumbnail_id]]></wp:meta_key>
		<wp:meta_value><![CDATA[92]]></wp:meta_value>
		</wp:postmeta>
							<wp:postmeta>
		<wp:meta_key><![CDATA[_edit_last]]></wp:meta_key>
		<wp:meta_value><![CDATA[1]]></wp:meta_value>
		</wp:postmeta>
							<wp:postmeta>
		<wp:meta_key><![CDATA[_et_pb_post_hide_nav]]></wp:meta_key>
		<wp:meta_value><![CDATA[default]]></wp:meta_value>
		</wp:postmeta>
							<wp:postmeta>
		<wp:meta_key><![CDATA[_et_pb_project_nav]]></wp:meta_key>
		<wp:meta_value><![CDATA[off]]></wp:meta_value>
		</wp:postmeta>
							<wp:postmeta>
		<wp:meta_key><![CDATA[_et_pb_page_layout]]></wp:meta_key>
		<wp:meta_value><![CDATA[et_right_sidebar]]></wp:meta_value>
		</wp:postmeta>
							<wp:postmeta>
		<wp:meta_key><![CDATA[_et_pb_side_nav]]></wp:meta_key>
		<wp:meta_value><![CDATA[off]]></wp:meta_value>
		</wp:postmeta>
							</item>
					<item>
		<title><![CDATA[Responsive Layout]]></title>
		<link>https://thebasic.valaskastudio.com/project/responsive-layout/</link>
		<pubDate>Sun, 21 Feb 2021 12:59:12 +0000</pubDate>
		<dc:creator><![CDATA[valaska studio]]></dc:creator>
		<guid isPermaLink="false">https://thebasic.valaskastudio.com/?post_type=project&#038;p=121</guid>
		<description></description>
		<content:encoded><![CDATA[<!-- wp:divi/placeholder /-->]]></content:encoded>
		<excerpt:encoded><![CDATA[]]></excerpt:encoded>
		<wp:post_id>121</wp:post_id>
		<wp:post_date><![CDATA[2021-02-21 12:59:12]]></wp:post_date>
		<wp:post_date_gmt><![CDATA[2021-02-21 12:59:12]]></wp:post_date_gmt>
		<wp:post_modified><![CDATA[2021-02-21 13:03:14]]></wp:post_modified>
		<wp:post_modified_gmt><![CDATA[2021-02-21 13:03:14]]></wp:post_modified_gmt>
		<wp:comment_status><![CDATA[open]]></wp:comment_status>
		<wp:ping_status><![CDATA[closed]]></wp:ping_status>
		<wp:post_name><![CDATA[responsive-layout]]></wp:post_name>
		<wp:status><![CDATA[publish]]></wp:status>
		<wp:post_parent>0</wp:post_parent>
		<wp:menu_order>0</wp:menu_order>
		<wp:post_type><![CDATA[project]]></wp:post_type>
		<wp:post_password><![CDATA[]]></wp:post_password>
		<wp:is_sticky>0</wp:is_sticky>
										<category domain="project_category" nicename="web-design"><![CDATA[Web Design]]></category>
		<category domain="project_category" nicename="wireframes"><![CDATA[Wireframes]]></category>
						<wp:postmeta>
		<wp:meta_key><![CDATA[_thumbnail_id]]></wp:meta_key>
		<wp:meta_value><![CDATA[92]]></wp:meta_value>
		</wp:postmeta>
							<wp:postmeta>
		<wp:meta_key><![CDATA[_edit_last]]></wp:meta_key>
		<wp:meta_value><![CDATA[1]]></wp:meta_value>
		</wp:postmeta>
							<wp:postmeta>
		<wp:meta_key><![CDATA[_et_pb_post_hide_nav]]></wp:meta_key>
		<wp:meta_value><![CDATA[default]]></wp:meta_value>
		</wp:postmeta>
							<wp:postmeta>
		<wp:meta_key><![CDATA[_et_pb_project_nav]]></wp:meta_key>
		<wp:meta_value><![CDATA[off]]></wp:meta_value>
		</wp:postmeta>
							<wp:postmeta>
		<wp:meta_key><![CDATA[_et_pb_page_layout]]></wp:meta_key>
		<wp:meta_value><![CDATA[et_right_sidebar]]></wp:meta_value>
		</wp:postmeta>
							<wp:postmeta>
		<wp:meta_key><![CDATA[_et_pb_side_nav]]></wp:meta_key>
		<wp:meta_value><![CDATA[off]]></wp:meta_value>
		</wp:postmeta>
							</item>
					<item>
		<title><![CDATA[Mobile Prototype]]></title>
		<link>https://thebasic.valaskastudio.com/project/mobile-prototype/</link>
		<pubDate>Sun, 21 Feb 2021 12:59:28 +0000</pubDate>
		<dc:creator><![CDATA[valaska studio]]></dc:creator>
		<guid isPermaLink="false">https://thebasic.valaskastudio.com/?post_type=project&#038;p=123</guid>
		<description></description>
		<content:encoded><![CDATA[<!-- wp:divi/placeholder /-->]]></content:encoded>
		<excerpt:encoded><![CDATA[]]></excerpt:encoded>
		<wp:post_id>123</wp:post_id>
		<wp:post_date><![CDATA[2021-02-21 12:59:28]]></wp:post_date>
		<wp:post_date_gmt><![CDATA[2021-02-21 12:59:28]]></wp:post_date_gmt>
		<wp:post_modified><![CDATA[2021-02-21 13:03:07]]></wp:post_modified>
		<wp:post_modified_gmt><![CDATA[2021-02-21 13:03:07]]></wp:post_modified_gmt>
		<wp:comment_status><![CDATA[open]]></wp:comment_status>
		<wp:ping_status><![CDATA[closed]]></wp:ping_status>
		<wp:post_name><![CDATA[mobile-prototype]]></wp:post_name>
		<wp:status><![CDATA[publish]]></wp:status>
		<wp:post_parent>0</wp:post_parent>
		<wp:menu_order>0</wp:menu_order>
		<wp:post_type><![CDATA[project]]></wp:post_type>
		<wp:post_password><![CDATA[]]></wp:post_password>
		<wp:is_sticky>0</wp:is_sticky>
										<category domain="project_category" nicename="ux-ui-kits"><![CDATA[UX/UI Kits]]></category>
		<category domain="project_category" nicename="wireframes"><![CDATA[Wireframes]]></category>
						<wp:postmeta>
		<wp:meta_key><![CDATA[_thumbnail_id]]></wp:meta_key>
		<wp:meta_value><![CDATA[92]]></wp:meta_value>
		</wp:postmeta>
							<wp:postmeta>
		<wp:meta_key><![CDATA[_edit_last]]></wp:meta_key>
		<wp:meta_value><![CDATA[1]]></wp:meta_value>
		</wp:postmeta>
							<wp:postmeta>
		<wp:meta_key><![CDATA[_et_pb_post_hide_nav]]></wp:meta_key>
		<wp:meta_value><![CDATA[default]]></wp:meta_value>
		</wp:postmeta>
							<wp:postmeta>
		<wp:meta_key><![CDATA[_et_pb_project_nav]]></wp:meta_key>
		<wp:meta_value><![CDATA[off]]></wp:meta_value>
		</wp:postmeta>
							<wp:postmeta>
		<wp:meta_key><![CDATA[_et_pb_page_layout]]></wp:meta_key>
		<wp:meta_value><![CDATA[et_right_sidebar]]></wp:meta_value>
		</wp:postmeta>
							<wp:postmeta>
		<wp:meta_key><![CDATA[_et_pb_side_nav]]></wp:meta_key>
		<wp:meta_value><![CDATA[off]]></wp:meta_value>
		</wp:postmeta>
							</item>
					<item>
		<title><![CDATA[Contact Template]]></title>
		<link>https://thebasic.valaskastudio.com/project/contact-template/</link>
		<pubDate>Sun, 21 Feb 2021 12:59:44 +0000</pubDate>
		<dc:creator><![CDATA[valaska studio]]></dc:creator>
		<guid isPermaLink="false">https://thebasic.valaskastudio.com/?post_type=project&#038;p=125</guid>
		<description></description>
		<content:encoded><![CDATA[<!-- wp:divi/placeholder /-->]]></content:encoded>
		<excerpt:encoded><![CDATA[]]></excerpt:encoded>
		<wp:post_id>125</wp:post_id>
		<wp:post_date><![CDATA[2021-02-21 12:59:44]]></wp:post_date>
		<wp:post_date_gmt><![CDATA[2021-02-21 12:59:44]]></wp:post_date_gmt>
		<wp:post_modified><![CDATA[2021-02-21 13:02:58]]></wp:post_modified>
		<wp:post_modified_gmt><![CDATA[2021-02-21 13:02:58]]></wp:post_modified_gmt>
		<wp:comment_status><![CDATA[open]]></wp:comment_status>
		<wp:ping_status><![CDATA[closed]]></wp:ping_status>
		<wp:post_name><![CDATA[contact-template]]></wp:post_name>
		<wp:status><![CDATA[publish]]></wp:status>
		<wp:post_parent>0</wp:post_parent>
		<wp:menu_order>0</wp:menu_order>
		<wp:post_type><![CDATA[project]]></wp:post_type>
		<wp:post_password><![CDATA[]]></wp:post_password>
		<wp:is_sticky>0</wp:is_sticky>
										<category domain="project_category" nicename="web-design"><![CDATA[Web Design]]></category>
		<category domain="project_category" nicename="wireframes"><![CDATA[Wireframes]]></category>
						<wp:postmeta>
		<wp:meta_key><![CDATA[_thumbnail_id]]></wp:meta_key>
		<wp:meta_value><![CDATA[92]]></wp:meta_value>
		</wp:postmeta>
							<wp:postmeta>
		<wp:meta_key><![CDATA[_edit_last]]></wp:meta_key>
		<wp:meta_value><![CDATA[1]]></wp:meta_value>
		</wp:postmeta>
							<wp:postmeta>
		<wp:meta_key><![CDATA[_et_pb_post_hide_nav]]></wp:meta_key>
		<wp:meta_value><![CDATA[default]]></wp:meta_value>
		</wp:postmeta>
							<wp:postmeta>
		<wp:meta_key><![CDATA[_et_pb_project_nav]]></wp:meta_key>
		<wp:meta_value><![CDATA[off]]></wp:meta_value>
		</wp:postmeta>
							<wp:postmeta>
		<wp:meta_key><![CDATA[_et_pb_page_layout]]></wp:meta_key>
		<wp:meta_value><![CDATA[et_right_sidebar]]></wp:meta_value>
		</wp:postmeta>
							<wp:postmeta>
		<wp:meta_key><![CDATA[_et_pb_side_nav]]></wp:meta_key>
		<wp:meta_value><![CDATA[off]]></wp:meta_value>
		</wp:postmeta>
							</item>
					<item>
		<title><![CDATA[Illustration Pack]]></title>
		<link>https://thebasic.valaskastudio.com/project/illustration-pack/</link>
		<pubDate>Sun, 21 Feb 2021 13:00:00 +0000</pubDate>
		<dc:creator><![CDATA[valaska studio]]></dc:creator>
		<guid isPermaLink="false">https://thebasic.valaskastudio.com/?post_type=project&#038;p=127</guid>
		<description></description>
		<content:encoded><![CDATA[<!-- wp:divi/placeholder /-->]]></content:encoded>
		<excerpt:encoded><![CDATA[]]></excerpt:encoded>
		<wp:post_id>127</wp:post_id>
		<wp:post_date><![CDATA[2021-02-21 13:00:00]]></wp:post_date>
		<wp:post_date_gmt><![CDATA[2021-02-21 13:00:00]]></wp:post_date_gmt>
		<wp:post_modified><![CDATA[2021-03-04 16:29:13]]></wp:post_modified>
		<wp:post_modified_gmt><![CDATA[2021-03-04 16:29:13]]></wp:post_modified_gmt>
		<wp:comment_status><![CDATA[open]]></wp:comment_status>
		<wp:ping_status><![CDATA[closed]]></wp:ping_status>
		<wp:post_name><![CDATA[illustration-pack]]></wp:post_name>
		<wp:status><![CDATA[publish]]></wp:status>
		<wp:post_parent>0</wp:post_parent>
		<wp:menu_order>0</wp:menu_order>
		<wp:post_type><![CDATA[project]]></wp:post_type>
		<wp:post_password><![CDATA[]]></wp:post_password>
		<wp:is_sticky>0</wp:is_sticky>
										<category domain="project_category" nicename="ux-ui-kits"><![CDATA[UX/UI Kits]]></category>
		<category domain="project_category" nicename="web-design"><![CDATA[Web Design]]></category>
						<wp:postmeta>
		<wp:meta_key><![CDATA[_thumbnail_id]]></wp:meta_key>
		<wp:meta_value><![CDATA[92]]></wp:meta_value>
		</wp:postmeta>
							<wp:postmeta>
		<wp:meta_key><![CDATA[_edit_last]]></wp:meta_key>
		<wp:meta_value><![CDATA[1]]></wp:meta_value>
		</wp:postmeta>
							<wp:postmeta>
		<wp:meta_key><![CDATA[_et_pb_post_hide_nav]]></wp:meta_key>
		<wp:meta_value><![CDATA[default]]></wp:meta_value>
		</wp:postmeta>
							<wp:postmeta>
		<wp:meta_key><![CDATA[_et_pb_project_nav]]></wp:meta_key>
		<wp:meta_value><![CDATA[off]]></wp:meta_value>
		</wp:postmeta>
							<wp:postmeta>
		<wp:meta_key><![CDATA[_et_pb_page_layout]]></wp:meta_key>
		<wp:meta_value><![CDATA[et_right_sidebar]]></wp:meta_value>
		</wp:postmeta>
							<wp:postmeta>
		<wp:meta_key><![CDATA[_et_pb_side_nav]]></wp:meta_key>
		<wp:meta_value><![CDATA[off]]></wp:meta_value>
		</wp:postmeta>
							<wp:postmeta>
		<wp:meta_key><![CDATA[_wp_old_slug]]></wp:meta_key>
		<wp:meta_value><![CDATA[illustaration-pack]]></wp:meta_value>
		</wp:postmeta>
							<wp:postmeta>
		<wp:meta_key><![CDATA[et_enqueued_post_fonts]]></wp:meta_key>
		<wp:meta_value><![CDATA[a:2:{s:6:"family";a:2:{s:14:"et-gf-aclonica";s:16:"Aclonica:regular";s:16:"et-gf-montserrat";s:137:"Montserrat:100,100italic,200,200italic,300,300italic,regular,italic,500,500italic,600,600italic,700,700italic,800,800italic,900,900italic";}s:6:"subset";a:2:{i:0;s:5:"latin";i:1;s:9:"latin-ext";}}]]></wp:meta_value>
		</wp:postmeta>
							</item>
					<item>
		<title><![CDATA[Wireframe Kit]]></title>
		<link>https://thebasic.valaskastudio.com/project/wireframe-kit/</link>
		<pubDate>Sun, 21 Feb 2021 13:00:17 +0000</pubDate>
		<dc:creator><![CDATA[valaska studio]]></dc:creator>
		<guid isPermaLink="false">https://thebasic.valaskastudio.com/?post_type=project&#038;p=129</guid>
		<description></description>
		<content:encoded><![CDATA[<!-- wp:divi/placeholder /-->]]></content:encoded>
		<excerpt:encoded><![CDATA[]]></excerpt:encoded>
		<wp:post_id>129</wp:post_id>
		<wp:post_date><![CDATA[2021-02-21 13:00:17]]></wp:post_date>
		<wp:post_date_gmt><![CDATA[2021-02-21 13:00:17]]></wp:post_date_gmt>
		<wp:post_modified><![CDATA[2021-02-21 13:02:28]]></wp:post_modified>
		<wp:post_modified_gmt><![CDATA[2021-02-21 13:02:28]]></wp:post_modified_gmt>
		<wp:comment_status><![CDATA[open]]></wp:comment_status>
		<wp:ping_status><![CDATA[closed]]></wp:ping_status>
		<wp:post_name><![CDATA[wireframe-kit]]></wp:post_name>
		<wp:status><![CDATA[publish]]></wp:status>
		<wp:post_parent>0</wp:post_parent>
		<wp:menu_order>0</wp:menu_order>
		<wp:post_type><![CDATA[project]]></wp:post_type>
		<wp:post_password><![CDATA[]]></wp:post_password>
		<wp:is_sticky>0</wp:is_sticky>
										<category domain="project_category" nicename="ux-ui-kits"><![CDATA[UX/UI Kits]]></category>
		<category domain="project_category" nicename="wireframes"><![CDATA[Wireframes]]></category>
						<wp:postmeta>
		<wp:meta_key><![CDATA[_thumbnail_id]]></wp:meta_key>
		<wp:meta_value><![CDATA[92]]></wp:meta_value>
		</wp:postmeta>
							<wp:postmeta>
		<wp:meta_key><![CDATA[_edit_last]]></wp:meta_key>
		<wp:meta_value><![CDATA[1]]></wp:meta_value>
		</wp:postmeta>
							<wp:postmeta>
		<wp:meta_key><![CDATA[_et_pb_post_hide_nav]]></wp:meta_key>
		<wp:meta_value><![CDATA[default]]></wp:meta_value>
		</wp:postmeta>
							<wp:postmeta>
		<wp:meta_key><![CDATA[_et_pb_project_nav]]></wp:meta_key>
		<wp:meta_value><![CDATA[off]]></wp:meta_value>
		</wp:postmeta>
							<wp:postmeta>
		<wp:meta_key><![CDATA[_et_pb_page_layout]]></wp:meta_key>
		<wp:meta_value><![CDATA[et_right_sidebar]]></wp:meta_value>
		</wp:postmeta>
							<wp:postmeta>
		<wp:meta_key><![CDATA[_et_pb_side_nav]]></wp:meta_key>
		<wp:meta_value><![CDATA[off]]></wp:meta_value>
		</wp:postmeta>
							</item>
					<item>
		<title><![CDATA[UI Design Kits]]></title>
		<link>https://thebasic.valaskastudio.com/project/ui-design-kits/</link>
		<pubDate>Sun, 21 Feb 2021 13:00:32 +0000</pubDate>
		<dc:creator><![CDATA[valaska studio]]></dc:creator>
		<guid isPermaLink="false">https://thebasic.valaskastudio.com/?post_type=project&#038;p=131</guid>
		<description></description>
		<content:encoded><![CDATA[<!-- wp:divi/placeholder /-->]]></content:encoded>
		<excerpt:encoded><![CDATA[]]></excerpt:encoded>
		<wp:post_id>131</wp:post_id>
		<wp:post_date><![CDATA[2021-02-21 13:00:32]]></wp:post_date>
		<wp:post_date_gmt><![CDATA[2021-02-21 13:00:32]]></wp:post_date_gmt>
		<wp:post_modified><![CDATA[2021-02-21 13:02:18]]></wp:post_modified>
		<wp:post_modified_gmt><![CDATA[2021-02-21 13:02:18]]></wp:post_modified_gmt>
		<wp:comment_status><![CDATA[open]]></wp:comment_status>
		<wp:ping_status><![CDATA[closed]]></wp:ping_status>
		<wp:post_name><![CDATA[ui-design-kits]]></wp:post_name>
		<wp:status><![CDATA[publish]]></wp:status>
		<wp:post_parent>0</wp:post_parent>
		<wp:menu_order>0</wp:menu_order>
		<wp:post_type><![CDATA[project]]></wp:post_type>
		<wp:post_password><![CDATA[]]></wp:post_password>
		<wp:is_sticky>0</wp:is_sticky>
										<category domain="project_category" nicename="ux-ui-kits"><![CDATA[UX/UI Kits]]></category>
		<category domain="project_category" nicename="web-design"><![CDATA[Web Design]]></category>
						<wp:postmeta>
		<wp:meta_key><![CDATA[_thumbnail_id]]></wp:meta_key>
		<wp:meta_value><![CDATA[92]]></wp:meta_value>
		</wp:postmeta>
							<wp:postmeta>
		<wp:meta_key><![CDATA[_edit_last]]></wp:meta_key>
		<wp:meta_value><![CDATA[1]]></wp:meta_value>
		</wp:postmeta>
							<wp:postmeta>
		<wp:meta_key><![CDATA[_et_pb_post_hide_nav]]></wp:meta_key>
		<wp:meta_value><![CDATA[default]]></wp:meta_value>
		</wp:postmeta>
							<wp:postmeta>
		<wp:meta_key><![CDATA[_et_pb_project_nav]]></wp:meta_key>
		<wp:meta_value><![CDATA[off]]></wp:meta_value>
		</wp:postmeta>
							<wp:postmeta>
		<wp:meta_key><![CDATA[_et_pb_page_layout]]></wp:meta_key>
		<wp:meta_value><![CDATA[et_right_sidebar]]></wp:meta_value>
		</wp:postmeta>
							<wp:postmeta>
		<wp:meta_key><![CDATA[_et_pb_side_nav]]></wp:meta_key>
		<wp:meta_value><![CDATA[off]]></wp:meta_value>
		</wp:postmeta>
							</item>
					<item>
		<title><![CDATA[Clean Web Design]]></title>
		<link>https://thebasic.valaskastudio.com/project/clean-web-design/</link>
		<pubDate>Sun, 21 Feb 2021 13:01:08 +0000</pubDate>
		<dc:creator><![CDATA[valaska studio]]></dc:creator>
		<guid isPermaLink="false">https://thebasic.valaskastudio.com/?post_type=project&#038;p=134</guid>
		<description></description>
		<content:encoded><![CDATA[<!-- wp:divi/placeholder /-->]]></content:encoded>
		<excerpt:encoded><![CDATA[]]></excerpt:encoded>
		<wp:post_id>134</wp:post_id>
		<wp:post_date><![CDATA[2021-02-21 13:01:08]]></wp:post_date>
		<wp:post_date_gmt><![CDATA[2021-02-21 13:01:08]]></wp:post_date_gmt>
		<wp:post_modified><![CDATA[2021-02-21 13:02:10]]></wp:post_modified>
		<wp:post_modified_gmt><![CDATA[2021-02-21 13:02:10]]></wp:post_modified_gmt>
		<wp:comment_status><![CDATA[open]]></wp:comment_status>
		<wp:ping_status><![CDATA[closed]]></wp:ping_status>
		<wp:post_name><![CDATA[clean-web-design]]></wp:post_name>
		<wp:status><![CDATA[publish]]></wp:status>
		<wp:post_parent>0</wp:post_parent>
		<wp:menu_order>0</wp:menu_order>
		<wp:post_type><![CDATA[project]]></wp:post_type>
		<wp:post_password><![CDATA[]]></wp:post_password>
		<wp:is_sticky>0</wp:is_sticky>
										<category domain="project_category" nicename="web-design"><![CDATA[Web Design]]></category>
		<category domain="project_category" nicename="wireframes"><![CDATA[Wireframes]]></category>
						<wp:postmeta>
		<wp:meta_key><![CDATA[_thumbnail_id]]></wp:meta_key>
		<wp:meta_value><![CDATA[92]]></wp:meta_value>
		</wp:postmeta>
							<wp:postmeta>
		<wp:meta_key><![CDATA[_edit_last]]></wp:meta_key>
		<wp:meta_value><![CDATA[1]]></wp:meta_value>
		</wp:postmeta>
							<wp:postmeta>
		<wp:meta_key><![CDATA[_et_pb_post_hide_nav]]></wp:meta_key>
		<wp:meta_value><![CDATA[default]]></wp:meta_value>
		</wp:postmeta>
							<wp:postmeta>
		<wp:meta_key><![CDATA[_et_pb_project_nav]]></wp:meta_key>
		<wp:meta_value><![CDATA[off]]></wp:meta_value>
		</wp:postmeta>
							<wp:postmeta>
		<wp:meta_key><![CDATA[_et_pb_page_layout]]></wp:meta_key>
		<wp:meta_value><![CDATA[et_right_sidebar]]></wp:meta_value>
		</wp:postmeta>
							<wp:postmeta>
		<wp:meta_key><![CDATA[_et_pb_side_nav]]></wp:meta_key>
		<wp:meta_value><![CDATA[off]]></wp:meta_value>
		</wp:postmeta>
							</item>
					<item>
		<title><![CDATA[Restaurant UI Kit]]></title>
		<link>https://thebasic.valaskastudio.com/project/restaurant-ui-kit/</link>
		<pubDate>Sun, 21 Feb 2021 13:01:25 +0000</pubDate>
		<dc:creator><![CDATA[valaska studio]]></dc:creator>
		<guid isPermaLink="false">https://thebasic.valaskastudio.com/?post_type=project&#038;p=136</guid>
		<description></description>
		<content:encoded><![CDATA[<!-- wp:divi/placeholder /-->]]></content:encoded>
		<excerpt:encoded><![CDATA[]]></excerpt:encoded>
		<wp:post_id>136</wp:post_id>
		<wp:post_date><![CDATA[2021-02-21 13:01:25]]></wp:post_date>
		<wp:post_date_gmt><![CDATA[2021-02-21 13:01:25]]></wp:post_date_gmt>
		<wp:post_modified><![CDATA[2021-02-21 13:02:04]]></wp:post_modified>
		<wp:post_modified_gmt><![CDATA[2021-02-21 13:02:04]]></wp:post_modified_gmt>
		<wp:comment_status><![CDATA[open]]></wp:comment_status>
		<wp:ping_status><![CDATA[closed]]></wp:ping_status>
		<wp:post_name><![CDATA[restaurant-ui-kit]]></wp:post_name>
		<wp:status><![CDATA[publish]]></wp:status>
		<wp:post_parent>0</wp:post_parent>
		<wp:menu_order>0</wp:menu_order>
		<wp:post_type><![CDATA[project]]></wp:post_type>
		<wp:post_password><![CDATA[]]></wp:post_password>
		<wp:is_sticky>0</wp:is_sticky>
										<category domain="project_category" nicename="ux-ui-kits"><![CDATA[UX/UI Kits]]></category>
		<category domain="project_category" nicename="wireframes"><![CDATA[Wireframes]]></category>
						<wp:postmeta>
		<wp:meta_key><![CDATA[_thumbnail_id]]></wp:meta_key>
		<wp:meta_value><![CDATA[92]]></wp:meta_value>
		</wp:postmeta>
							<wp:postmeta>
		<wp:meta_key><![CDATA[_edit_last]]></wp:meta_key>
		<wp:meta_value><![CDATA[1]]></wp:meta_value>
		</wp:postmeta>
							<wp:postmeta>
		<wp:meta_key><![CDATA[_et_pb_post_hide_nav]]></wp:meta_key>
		<wp:meta_value><![CDATA[default]]></wp:meta_value>
		</wp:postmeta>
							<wp:postmeta>
		<wp:meta_key><![CDATA[_et_pb_project_nav]]></wp:meta_key>
		<wp:meta_value><![CDATA[off]]></wp:meta_value>
		</wp:postmeta>
							<wp:postmeta>
		<wp:meta_key><![CDATA[_et_pb_page_layout]]></wp:meta_key>
		<wp:meta_value><![CDATA[et_right_sidebar]]></wp:meta_value>
		</wp:postmeta>
							<wp:postmeta>
		<wp:meta_key><![CDATA[_et_pb_side_nav]]></wp:meta_key>
		<wp:meta_value><![CDATA[off]]></wp:meta_value>
		</wp:postmeta>
							</item>
					<item>
		<title><![CDATA[The Basic Wireframe]]></title>
		<link>https://thebasic.valaskastudio.com/project/the-basic-wireframe/</link>
		<pubDate>Sun, 21 Feb 2021 13:01:39 +0000</pubDate>
		<dc:creator><![CDATA[valaska studio]]></dc:creator>
		<guid isPermaLink="false">https://thebasic.valaskastudio.com/?post_type=project&#038;p=138</guid>
		<description></description>
		<content:encoded><![CDATA[<!-- wp:divi/placeholder /-->]]></content:encoded>
		<excerpt:encoded><![CDATA[]]></excerpt:encoded>
		<wp:post_id>138</wp:post_id>
		<wp:post_date><![CDATA[2021-02-21 13:01:39]]></wp:post_date>
		<wp:post_date_gmt><![CDATA[2021-02-21 13:01:39]]></wp:post_date_gmt>
		<wp:post_modified><![CDATA[2021-02-21 13:01:56]]></wp:post_modified>
		<wp:post_modified_gmt><![CDATA[2021-02-21 13:01:56]]></wp:post_modified_gmt>
		<wp:comment_status><![CDATA[open]]></wp:comment_status>
		<wp:ping_status><![CDATA[closed]]></wp:ping_status>
		<wp:post_name><![CDATA[the-basic-wireframe]]></wp:post_name>
		<wp:status><![CDATA[publish]]></wp:status>
		<wp:post_parent>0</wp:post_parent>
		<wp:menu_order>0</wp:menu_order>
		<wp:post_type><![CDATA[project]]></wp:post_type>
		<wp:post_password><![CDATA[]]></wp:post_password>
		<wp:is_sticky>0</wp:is_sticky>
										<category domain="project_category" nicename="web-design"><![CDATA[Web Design]]></category>
		<category domain="project_category" nicename="wireframes"><![CDATA[Wireframes]]></category>
						<wp:postmeta>
		<wp:meta_key><![CDATA[_thumbnail_id]]></wp:meta_key>
		<wp:meta_value><![CDATA[92]]></wp:meta_value>
		</wp:postmeta>
							<wp:postmeta>
		<wp:meta_key><![CDATA[_edit_last]]></wp:meta_key>
		<wp:meta_value><![CDATA[1]]></wp:meta_value>
		</wp:postmeta>
							<wp:postmeta>
		<wp:meta_key><![CDATA[_et_pb_post_hide_nav]]></wp:meta_key>
		<wp:meta_value><![CDATA[default]]></wp:meta_value>
		</wp:postmeta>
							<wp:postmeta>
		<wp:meta_key><![CDATA[_et_pb_project_nav]]></wp:meta_key>
		<wp:meta_value><![CDATA[off]]></wp:meta_value>
		</wp:postmeta>
							<wp:postmeta>
		<wp:meta_key><![CDATA[_et_pb_page_layout]]></wp:meta_key>
		<wp:meta_value><![CDATA[et_right_sidebar]]></wp:meta_value>
		</wp:postmeta>
							<wp:postmeta>
		<wp:meta_key><![CDATA[_et_pb_side_nav]]></wp:meta_key>
		<wp:meta_value><![CDATA[off]]></wp:meta_value>
		</wp:postmeta>
							</item>
				</channel>
</rss>
	